ITE,PR,CATEGORY,ITEM,ITEM,QUANTITY,RPRT,AVERAGE,RECENT,ADJUSTMENTS,
LOC,CA,DESCRIPTION,NUMBER,DESCRIPTION,ON HAND,UOM,COST,COST,QUANTITY,COST/TON
550 ,02 ,DAIRY MIXED FEEDS,1707P,MICRO-AID PREMIX,364.42,LB,0.54723,0.575,0,1094.46
550 ,02 ,DAIRY MIXED FEEDS,1708P,.06% SELENIUM PREMIX,2239.2227,LB,0.09322,0.085,0,186.44
550 ,02 ,DAIRY MIXED FEEDS,1709P,STRESS PAK,900.907,LB,0.76605,0.766,0,1532.1
550 ,02 ,DAIRY MIXED FEEDS,1710P,BIG E PLUS PREMIX (50#),4893.3788,LB,0.72876,0.731,0,1457.52
550 ,02 ,DAIRY MIXED FEEDS,1711P,ORGANIC .06 % SELENIUM PR,602.9122,LB,0.7759,0.773,0,1551.8
550 ,06 ,MILL INGREDIENTS,0004 ,L-LYSINE HCL 98.5%,30,LB,1.38367,1.38367,0,2767.34
550 ,06 ,MILL INGREDIENTS,0052 ,CALCIUM SULFATE,14304.9384,LB,0.1105,0.11049,0,221
550 ,06 ,MILL INGREDIENTS,0053 ,POTASSIUM CHLORIDE,2324.0076,LB,0.32728,0.32675,0,654.56
550 ,06 ,MILL INGREDIENTS,0055 ,MAGNESIUM SULFATE,3808.8488,LB,0.27841,0.27875,0,556.82
550 ,06 ,MILL INGREDIENTS,0086 ,YEAST CULTURE XP - SACK,2100,LB,0.4404,0,0,880.8
550 ,06 ,MILL INGREDIENTS,0093 ,VITAMIN E-227000,137.474,LB,5.91552,5.87536,0,11831.04
550 ,06 ,MILL INGREDIENTS,0095 ,DL-METHIONINE,137.584,LB,2.03534,2.03548,0,4070.68
550 ,06 ,MILL INGREDIENTS,0102 ,STEAMED FLAKED CORN,7068.432,LB,0.22048,0.23192,0,440.96
550 ,06 ,MILL INGREDIENTS,0122 ,GROUND ALFALFA PELLETS,959.4625,LB,0.34612,0,0,692.24
550 ,06 ,MILL INGREDIENTS,0129 ,MOLASSES,1586.4086,LB,0.11989,0.11995,0,239.78
550 ,06 ,MILL INGREDIENTS,0130 ,TALLOW,12242.3136,LB,0.41962,0.4225,0,839.24
550 ,06 ,MILL INGREDIENTS,0132 ,CALCIUM CARBONATE,80094.5503,LB,0.02794,0.02793,0,55.88
550 ,06 ,MILL INGREDIENTS,0133 ,UREA - SACKED,12221.4078,LB,0.24795,0.24711,0,495.9
550 ,06 ,MILL INGREDIENTS,0134 ,"SALT, MIXING - BULK      ",55162.828,LB,0.06249,0.0627,0,124.98
550 ,06 ,MILL INGREDIENTS,0147 ,MONO-CAL PHOSPHATE 21%,63093.4821,LB,0.33701,0.337,0,674.02
550 ,06 ,MILL INGREDIENTS,0156 ,MONOAMMONIUM PHOSPHATE,1435.2108,LB,0.61358,0.61275,0,1227.16
550 ,06 ,MILL INGREDIENTS,0157 ,BUFFER-SODA BULK,22448.7162,LB,0.17009,0.1701,0,340.18
550 ,06 ,MILL INGREDIENTS,0179 ,COPPER SULFATE,2260,LB,1.15976,1.14475,0,2319.52
550 ,06 ,MILL INGREDIENTS,0183 ,CA SALT OF FA,12517.413,LB,0.53561,0.621,0,1071.22
550 ,06 ,MILL INGREDIENTS,0184 ,AMMONIUM CHLORIDE,100,LB,0.4931,0.4931,0,986.2
550 ,06 ,MILL INGREDIENTS,0190 ,MAGNESIUM OXIDE - SACKED,21740.3564,LB,0.22265,0.22241,0,445.3
550 ,06 ,MILL INGREDIENTS,0194 ,DAIRY VTM PREMIX,3870.9973,LB,0.93211,0.93175,0,1864.22
550 ,06 ,MILL INGREDIENTS,0203 ,RUMENSIN 20 G / LB,6844.6273,LB,1.99891,1.97875,0,3997.82
550 ,06 ,MILL INGREDIENTS,0267 ,DCAD PLUS,5675.714,LB,0.77537,0.82045,0,1550.74
550 ,06 ,MILL INGREDIENTS,0281 ,PELLET BINDER,4389.95,LB,0.40079,0.35261,0,801.58
550 ,06 ,MILL INGREDIENTS,0304 ,HOLTZ NELSON DAIRY VTM,275,LB,2.03,2.03,0,4060
550 ,06 ,MILL INGREDIENTS,0305 ,OMNIGEN AF,9137.3375,LB,0.98079,0.98084,0,1961.58
550 ,06 ,MILL INGREDIENTS,0318 ,REASHURE CHOLINE,2597.308,LB,2.17556,2.1755,0,4351.12
550 ,06 ,MILL INGREDIENTS,0382 ,Altosid (IGR) Premix,108.73,LB,4.24952,4.2518,0,8499.04
550 ,06 ,MILL INGREDIENTS,0392 ,MFP METHIONINE,380.357,LB,1.90445,1.82538,0,3808.9
550 ,06 ,MILL INGREDIENTS,0456 ,FERMENTURE YEAST,1318.358,LB,2.26442,2.26598,0,4528.84
550 ,06 ,MILL INGREDIENTS,0490 ,SMARTAMINE,57.214,LB,6.86895,6.86432,0,13737.9
550 ,06 ,MILL INGREDIENTS,0495 ,DEXTROSE,690.7648,LB,0.48478,0.46476,0,969.56
550 ,06 ,MILL INGREDIENTS,0513 ,ENERGY BOOSTER 100,13126.2544,LB,0.76034,0.76048,0,1520.68
550 ,06 ,MILL INGREDIENTS,0514 ,CCF TRACE PACK,1190.7958,LB,1.39759,1.398,0,2795.18
550 ,06 ,MILL INGREDIENTS,0523 ,KELP MEAL,1150.08,LB,0.72072,0.72075,0,1441.44
550 ,06 ,MILL INGREDIENTS,0529 ,AVAILA-4,1232.4758,LB,1.95005,1.94945,0,3900.1
550 ,06 ,MILL INGREDIENTS,0547 ,DAIRY SEY PREMIX,5422.6686,LB,0.99229,0.99175,0,1984.58
550 ,06 ,MILL INGREDIENTS,0554 ,METASMART DRY,820.981,LB,2.70012,2.7002,0,5400.24
550 ,06 ,MILL INGREDIENTS,0556 ,VICOMB P+,1076.694,LB,3.89908,3.26543,0,7798.16
550 ,06 ,MILL INGREDIENTS,0571 ,AB 20,11652.6132,LB,0.35128,0.35125,0,702.56
550 ,06 ,MILL INGREDIENTS,0581 ,DYNAMATE,8468.7,LB,0.28928,0.28975,0,578.56
550 ,06 ,MILL INGREDIENTS,0584 ,NUTRACOR LCFA,6377.372,LB,0.74,0.74,0,1480
550 ,06 ,MILL INGREDIENTS,0597 ,ZINPRO 100,0.0452,LB,2.43363,2.41778,0,4867.26
550 ,06 ,MILL INGREDIENTS,0598 ,ZINPRO 120,1151.935,LB,2.9065,2.90652,0,5813
550 ,06 ,MILL INGREDIENTS,0603 ,BIO-CHLOR,3800,LB,0.37844,0.3805,0,756.88
550 ,06 ,MILL INGREDIENTS,0604 ,4PLEX,303.064,LB,1.58244,1.63121,0,3164.88
550 ,06 ,MILL INGREDIENTS,0606 ,GEOBOND,550,LB,0.1358,0.1358,0,271.6
550 ,06 ,MILL INGREDIENTS,0616 ,SUGAR,6457.408,LB,0.2,0.2,0,400
550 ,06 ,MILL INGREDIENTS,0618 ,CALF PREMIX,4036.21,LB,1.86928,1.86793,0,3738.56
550 ,06 ,MILL INGREDIENTS,0619 ,FLAVOR-CALF AID,26.6914,LB,3.73191,3.732,0,7463.82
550 ,06 ,MILL INGREDIENTS,0620 ,BIO-MOS,330,LB,2.28727,2.28727,0,4574.54
550 ,06 ,MILL INGREDIENTS,0629 ,HOLTZ-NELSON RFIZ YEAST,250,LB,2.15,2.15,0,4300
550 ,06 ,MILL INGREDIENTS,0630 ,NIASHURE,101.9945,LB,8.06926,8.19255,0,16138.52
550 ,06 ,MILL INGREDIENTS,0631 ,BOVI-SACC,130.729,LB,2.45003,2.74956,0,4900.06
550 ,06 ,MILL INGREDIENTS,0632 ,DIAMOND V XPC,7288.1651,LB,1.39029,1.3905,0,2780.58
550 ,06 ,MILL INGREDIENTS,0639 ,LEVUCELL SC 10G,182.1,LB,1.30758,1.30772,0,2615.16
550 ,06 ,MILL INGREDIENTS,0647 ,Integral (MTB 100),333.474,LB,2.30759,2.31085,0,4615.18
550 ,06 ,MILL INGREDIENTS,0656 ,POULTRY / SWINE PREMIX,105,LB,1.12543,1.0912,0,2250.86
550 ,06 ,MILL INGREDIENTS,0662 ,BIOTIN 640,1233.688,LB,0.40215,0.40076,0,804.3
550 ,06 ,MILL INGREDIENTS,0665 ,FLAVOR-DRY (ANISE),35.21,LB,1.91394,2.228,0,3827.88
550 ,06 ,MILL INGREDIENTS,0759 ,AGRI-DAIRY MAX,2416.769,LB,3.57905,3.58,0,7158.1
550 ,06 ,MILL INGREDIENTS,0760 ,AGRI-DAIRY PREMIUM,0.09,LB,3.55556,3.58,0,7111.12
550 ,06 ,MILL INGREDIENTS,0762 ,AGRI-RUMEND,1003.77,LB,3.54997,3.55,0,7099.94
550 ,06 ,MILL INGREDIENTS,0764 ,AGRI-ZYMEND,731.97,LB,3.91901,3.95,0,7838.02
550 ,06 ,MILL INGREDIENTS,0765 ,AGRI-HEIFER PREMIX,0.05,LB,0.6,0.66,0,1200
550 ,06 ,MILL INGREDIENTS,0766 ,AGRI-HOOF KING,166.85,LB,3.02002,3.02,0,6040.04
550 ,06 ,MILL INGREDIENTS,0768 ,AGRI-TRI-LUTION RUMINANT,1100.1,LB,2.87478,3.06,0,5749.56
550 ,06 ,MILL INGREDIENTS,0810 ,PREQUEL,2064.6,LB,1.41145,1.40291,0,2822.9
550 ,06 ,MILL INGREDIENTS,0988 ,MOLD ZAP,1045.03,LB,1.07176,1.07175,0,2143.52
550 ,06 ,MILL INGREDIENTS,1247 ,MEGALAC R,140,LB,1.02657,1.027,0,2053.14
550 ,06 ,MILL INGREDIENTS,1712 ,SELENIUM .02% PREMIX,150,LB,0,0,0,0
550 ,06 ,MILL INGREDIENTS,1759 ,CLARIFLY PREMIX,175.629,LB,2.17624,2.1717,0,4352.48
550 ,06 ,MILL INGREDIENTS,1831 ,MOLASSES OUTSIDE,100.15,LB,0.11962,0.1179,0,239.24
550 ,06 ,MILL INGREDIENTS,1834 ,MFG 150,52.86,LB,0.45649,0.4565,0,912.98
550 ,06 ,MILL INGREDIENTS,2018 ,FCB NUT TRACE PAK,4378.85,LB,1.21943,1.22,0,2438.86
550 ,06 ,MILL INGREDIENTS,2128 ,METAATEIN,28904.3921,LB,0.56478,0.56,0,1129.56
550 ,06 ,MILL INGREDIENTS,2176 ,OMNIGEN WYC,2953.434,LB,1.29173,1.29175,0,2583.46
550 ,06 ,MILL INGREDIENTS,2178 ,SCREENINGS MEDICATED,21990,LB,0.0475,0.0475,0,95
550 ,06 ,MILL INGREDIENTS,2267 ,METASMART LIQUID,2773.275,LB,3.49286,3.49286,0,6985.72
550 ,06 ,MILL INGREDIENTS,2276 ,ANIMATE,2813.9192,LB,0.60368,0.59776,0,1207.36
550 ,06 ,MILL INGREDIENTS,2327 ,BNI LACTATING MINERAL,3276.305,LB,1.34498,1.34376,0,2689.96
550 ,06 ,MILL INGREDIENTS,2472 ,Metabolys,2303.011,LB,2.3043,2.54085,0,4608.6
550 ,06 ,MILL INGREDIENTS,4137 ,REDMOND GRANULAR SALT,1649.98,LB,0.24976,0.24975,0,499.52
550 ,06 ,MILL INGREDIENTS,4138 ,REDMOND CONDITIONER,1000.04,LB,0.27175,0.27175,0,543.5
550 ,06 ,MILL INGREDIENTS,4182 ,MIXING LIME,1700,LB,0.069,0.069,0,138
550 ,06 ,MILL INGREDIENTS,4370 ,PLAIN SALT 50# BAG,6200,LB,0.08988,0.0905,0,179.76
550 ,06 ,MILL INGREDIENTS,4371 ,TM SALT 50# BAG,2700,LB,0.12067,0.1205,0,241.34
550 ,06 ,MILL INGREDIENTS,4373 ,PLAIN SALT BLOCK 50#,3900,LB,0.12767,0.1285,0,255.34
550 ,06 ,MILL INGREDIENTS,4374 ,TM SALT BLOCK 50#,5450,LB,0.14448,0.1445,0,288.96
550 ,06 ,MILL INGREDIENTS,4392 ,LIME-SUREFOOT CALC 50#,2600,LB,0.07273,0.07275,0,145.46
550 ,06 ,MILL INGREDIENTS,4393 ,LIME-HYDRATED 50#,1850,LB,0.14676,0.14675,0,293.52
550 ,06 ,MILL INGREDIENTS,4394 ,SOLAR SALT 50#,2450,LB,0.11844,0.11844,0,236.88
550 ,10 ,MINERAL/VITAMIN PACK,1714P,VIT-ALL PREMIX,2198.274,LB,0.45528,0.451,0,910.56
550 ,10 ,MINERAL/VITAMIN PACK,B1098,BAGGED SOW MINERAL,1250,LB,0,0,0,0
550 ,10 ,MINERAL/VITAMIN PACK,B20812,SAFE-GUARD .5% DEWORMER,225,LB,2.5704,2.57404,0,5140.8
550 ,10 ,MINERAL/VITAMIN PACK,B21365,RFRS SUPDRY 3:1 MIN 50#,2600,LB,0.51422,0.50967,0,1028.44
550 ,10 ,MINERAL/VITAMIN PACK,B21375,RFRS SUPDRY 1:1 MIN 50#,3750,LB,0.58685,0.58017,0,1173.7
550 ,10 ,MINERAL/VITAMIN PACK,B40645,RICH-MIN 1:1 50#,550,LB,0.36182,0.354,0,723.64
550 ,10 ,MINERAL/VITAMIN PACK,B40755,RICH-MIN 2:1 50#,550,LB,0.30909,0.292,0,618.18
550 ,10 ,MINERAL/VITAMIN PACK,B45415,REFRESH DRY RU-1200 MIN,1850,LB,0.453,0.453,0,906
550 ,10 ,MINERAL/VITAMIN PACK,B45505,EQUITY HFR RU MINERAL,5450,LB,0.33115,0.331,0,662.3
550 ,10 ,MINERAL/VITAMIN PACK,B5105,MIN-A-MIX,3600,LB,0.4355,0.44924,0,871
550 ,10 ,MINERAL/VITAMIN PACK,B5125,HI-PHOS-MIX,400,LB,0.63918,0.63806,0,1278.36
550 ,10 ,MINERAL/VITAMIN PACK,B5152,MIN-A-VITE,100,LB,0.5782,0.5782,0,1156.4
550 ,10 ,MINERAL/VITAMIN PACK,B5415,KENT HEIFER MIN 1600B,500,LB,0.51946,0.517,0,1038.92
550 ,11 ,INOCULANT,176000 ,SIL-ALL 4x4 DRY INOCULANT,2035,LB,1.24091,1.24091,0,2481.82
550 ,11 ,INOCULANT,B9641,SIL-ALL 4x4 WS 500g,43,LB,34.9242,34.876,0,69848.4
550 ,1C,MANUFACTURED MINERAL,95150028 ,LARIBEE HEIFER RU MIN (50,500,LB,0.379,0.379,0,758
550 ,1C,MANUFACTURED MINERAL,95150032 ,PORTERDALE HEIFER MIN (50,850,LB,0.37259,0.372,0,745.18
550 ,1C,MANUFACTURED MINERAL,95150033 ,PORTERDALE DRY COW MIN (5,1450,LB,0.37279,0.373,0,745.58
550 ,1C,MANUFACTURED MINERAL,95150036 ,BUTTERVILLE HFR R MIN (TO,1968,LB,0.39,0.39,0,780
550 ,1C,MANUFACTURED MINERAL,95150037 ,BUTTERVILLE DRY COW MIN (,1971,LB,0.448,0.448,0,896
550 ,1C,MANUFACTURED MINERAL,95150077 ,BURGER M DRY MIN 01/17/11,-100,LB,0.574,0.574,0,1148
550 ,1C,MANUFACTURED MINERAL,95150085 ,PORTERDALE LACT R MIN 10/,1900,LB,0.196,0.196,0,392
550 ,1C,MANUFACTURED MINERAL,95150089 ,POMINVILLE LACT MIN (50#),950,LB,0.169,0.169,0,338
550 ,1C,MANUFACTURED MINERAL,95150090 ,CJK DRY COW AK MIN (50#),900,LB,0.554,0.554,0,1108
550 ,1M,MILK REPLACER,B21205,MF1 NT 1600/1600 W/MOS,10350,LB,1.25245,1.25298,0,2504.9
550 ,1M,MILK REPLACER,B21255,VELOCITY 24-17 NON-MED,7700,LB,1.4283,1.43198,0,2856.6
550 ,1M,MILK REPLACER,B21305,COMMERCIAL CALF NON-MED,5550,LB,1.14216,1.11383,0,2284.32
550 ,1M,MILK REPLACER,B21405,MILKY WAY GROWTH W/MOS,4150,LB,1.01914,1.01598,0,2038.28
550 ,1M,MILK REPLACER,B21455,ADV EXCELERATE NON-MED,6000,LB,1.54378,1.54398,0,3087.56
550 ,1M,MILK REPLACER,B22515,24/17 ACIDIFIED CALF MR,750,LB,1.57355,1.6015,0,3147.1
550 ,1M,MILK REPLACER,B22815,24/24 ACIDIFIED CALF MR,1600,LB,1.70729,1.7073,0,3414.58
550 ,1M,MILK REPLACER,B5025,"MILK FORMULA 1, NON-MED  ",28650,LB,1.16151,1.16198,0,2323.02
550 ,1M,MILK REPLACER,B5026,MILK FORMULA 1 WITH BOVAT,3900,LB,1.17048,1.17048,0,2340.96
550 ,1M,MILK REPLACER,B5065,MILK FORMULA 1 DQ,9600,LB,1.21923,1.19798,0,2438.46
550 ,CH,CALF & HEIFER,95150011 ,EVES G 31% DRY COW ML (50,1300,LB,0.24846,0.25,0,496.92
550 ,CH,CALF & HEIFER,95150013 ,CLINTSMAN R. DRY COW R ML,1200,LB,0.31,0.31,0,620
550 ,CH,CALF & HEIFER,B10530,Crystalyx Dry Cow Bio Blo,1800,LB,0.58575,0.58575,0,1171.5
550 ,CH,CALF & HEIFER,B10540,Crystalyx IGR Pro Bio Blo,400,LB,0.53615,0.53615,0,1072.3
550 ,CH,CALF & HEIFER,B10560,Crystalyx 30% Heifer Bio,600,LB,0.4797,0.46965,0,959.4
550 ,CH,CALF & HEIFER,B3800,ENERGILASS 12  250#,2250,LB,0.4096,0.4096,0,819.2
550 ,CH,CALF & HEIFER,B3840,ENERGILASS 16 DAIRY 250#,5000,LB,0.445,0.445,0,890
550 ,CH,CALF & HEIFER,B44615,ELITE CALF FLAKES 50#,12900,LB,0.21446,0.214,0,428.92
550 ,CH,CALF & HEIFER,B44625,ULTIMATE CALF PELLET,7100,LB,0.19874,0.198,0,397.48
550 ,CH,CALF & HEIFER,B44635,ELITE HEIFER 18% PELLET,7850,LB,0.14621,0.14,0,292.42
550 ,PF,PET FOOD,B11372,SONG MAKER,200,LB,0.4038,0.42425,0,807.6
550 ,PF,PET FOOD,B11375,SONG MAKER,400,LB,0.41665,0.4202,0,833.3
550 ,PF,PET FOOD,B11425,ULTRA CLEAN BLK SUNFLR,280,LB,0.44039,0.4247,0,880.78
550 ,PF,PET FOOD,B1415,KRUNCHIES,550,LB,0.40371,0.40423,0,807.42
550 ,PF,PET FOOD,B1425,NATURAL 26,400,LB,0.4045,0.40526,0,809
550 ,PF,PET FOOD,B17540,BARN CAT FOOD,1600,LB,0.4444,0.44504,0,888.8
550 ,PF,PET FOOD,B18375,FARM DOG 21,360,LB,0.31494,0.31153,0,629.88
550 ,SC,SEED CORN,BR23,SCHLESSMAN 946 L,50,LB,2.05,2.05,0,4100
550 ,SC,SEED CORN,BS309,SCHLESSMAN 868 DP,50,LB,2.38,2.38,0,4760
550 ,SC,SEED CORN,BS318,SCHLESSMAN SX516,50,LB,0,0,0,0
550 ,WI,WAREHOUSE ITEMS (BAG,B0R61,SS3X Dry Prop,500,LB,0.7166,0.7166,0,1433.2
550 ,WI,WAREHOUSE ITEMS (BAG,B0R93,SS3X Dry,450,LB,0.616,0.616,0,1232
550 ,WI,WAREHOUSE ITEMS (BAG,B10465,HI-TEST PLUS 20 -PEL 50#,2400,LB,0.2024,0.19627,0,404.8
550 ,WI,WAREHOUSE ITEMS (BAG,B11422,ULTRA CLEAN BLK SUNFLR,40,LB,0.3165,0.3165,0,633
550 ,WI,WAREHOUSE ITEMS (BAG,B11735,CARB-GUARD,150,LB,0.224,0.22432,0,448
550 ,WI,WAREHOUSE ITEMS (BAG,B15455,AB 20,1700,LB,0.35575,0.35576,0,711.5
550 ,WI,WAREHOUSE ITEMS (BAG,B18805,SHRED BEET PULP W/MOL,400,LB,0.3697,0.36971,0,739.4
550 ,WI,WAREHOUSE ITEMS (BAG,B19605,SENTINEL SENIOR,550,LB,0.30089,0.2996,0,601.78
550 ,WI,WAREHOUSE ITEMS (BAG,B19655,SENTINEL PERFORMANCE LS,2250,LB,0.32213,0.31623,0,644.26
550 ,WI,WAREHOUSE ITEMS (BAG,B19705,SENTINEL SAFE START,1400,LB,0.30181,0.30524,0,603.62
550 ,WI,WAREHOUSE ITEMS (BAG,B19755,SENTINEL GROW & EXCEL,5,50 ,15.512,15.512,0,31024
550 ,WI,WAREHOUSE ITEMS (BAG,B2055,SCRATCH FEED,50,LB,0.2246,0.23908,0,449.2
550 ,WI,WAREHOUSE ITEMS (BAG,B2125,COARSE CRACKED CORN,350,LB,0.21826,0.21686,0,436.52
550 ,WI,WAREHOUSE ITEMS (BAG,B21325,REFRSH CLSUP21 PEL 50#,1750,LB,0.27466,0.2748,0,549.32
550 ,WI,WAREHOUSE ITEMS (BAG,B21335,REFRSH CLSUP32 PEL 50#,2000,LB,0.34758,0.35171,0,695.16
550 ,WI,WAREHOUSE ITEMS (BAG,B23825,"HOMEFRESH EXTRAEGG PEL, 5",2500,LB,0.23114,0.22577,0,462.28
550 ,WI,WAREHOUSE ITEMS (BAG,B23845,"HOMEFRESH EXTRAEGG ML, 50",3150,LB,0.2279,0.22057,0,455.8
550 ,WI,WAREHOUSE ITEMS (BAG,B23925,"HOMEFRESH MF STR/GRW CRM,",1600,LB,0.27001,0.26857,0,540.02
550 ,WI,WAREHOUSE ITEMS (BAG,B24645,BYB ALL STOCK 14%,2450,LB,0.21103,0.20811,0,422.06
550 ,WI,WAREHOUSE ITEMS (BAG,B3035,HUTCH EXTRA 17 PELS,250,LB,0.23852,0.23808,0,477.04
550 ,WI,WAREHOUSE ITEMS (BAG,B3042,BUNNY 16 PELS,200,LB,0.2582,0.25587,0,516.4
550 ,WI,WAREHOUSE ITEMS (BAG,B4015,RIDER 12,400,LB,0.2364,0.23066,0,472.8
550 ,WI,WAREHOUSE ITEMS (BAG,B40445,REFRESH CLOSEUP21 RU PL,3550,LB,0.2131,0.209,0,426.2
550 ,WI,WAREHOUSE ITEMS (BAG,B40675,RUMENSIN 2400 MEAL 50#,1600,LB,0.2679,0.266,0,535.8
550 ,WI,WAREHOUSE ITEMS (BAG,B40685,AUREO S 700 2.0G CRM 50#,3200,LB,0.6426,0.64275,0,1285.2
550 ,WI,WAREHOUSE ITEMS (BAG,B4075,REGULAR OATS,2800,LB,0.20935,0.20257,0,418.7
550 ,WI,WAREHOUSE ITEMS (BAG,B4080,NUTRACOR LCFA 50# BAG,19800,LB,0.75,0.75,0,1500
550 ,WI,WAREHOUSE ITEMS (BAG,B40835,X-P YEAST CULTURE 50#,3000,LB,0.4405,0.4405,0,881
550 ,WI,WAREHOUSE ITEMS (BAG,B4085,CRIMPED OATS,400,LB,0.23165,0.20863,0,463.3
550 ,WI,WAREHOUSE ITEMS (BAG,B40895,DRY STOCK 50#,1000,LB,0.165,0.165,0,330
550 ,WI,WAREHOUSE ITEMS (BAG,B40905,DICAL 21% 50#,300,LB,0.3647,0.383,0,729.4
550 ,WI,WAREHOUSE ITEMS (BAG,B40975,TOP-CARE 50#,650,LB,0.41598,0.41599,0,831.96
550 ,WI,WAREHOUSE ITEMS (BAG,B41005,UREA 50#,350,LB,0.31926,0.318,0,638.52
550 ,WI,WAREHOUSE ITEMS (BAG,B41025,AUREOMYCIN 20G 50#,100,LB,0.7672,0.7672,0,1534.4
550 ,WI,WAREHOUSE ITEMS (BAG,B41055,OYSTER SHELLS 50#,100,LB,0.2169,0.21691,0,433.8
550 ,WI,WAREHOUSE ITEMS (BAG,B41735,POTASSIUM MAG SUL 50#,450,LB,0.28976,0.28975,0,579.52
550 ,WI,WAREHOUSE ITEMS (BAG,B41835,A & H BICARB 50#,5200,LB,0.21848,0.21671,0,436.96
550 ,WI,WAREHOUSE ITEMS (BAG,B43720,SALT-FINE GR (LOW) 50#,600,LB,0.12407,0.12276,0,248.14
550 ,WI,WAREHOUSE ITEMS (BAG,B4395,AG & GARDEN LIME,4500,LB,0.06877,0.06876,0,137.54
550 ,WI,WAREHOUSE ITEMS (BAG,B5485,FAST START MEAL,300,LB,0.8663,0.86368,0,1732.6
550 ,WI,WAREHOUSE ITEMS (BAG,B70325,DYNASTY GROW PELLETS,400,LB,0.2139,0.2139,0,427.8
550 ,WI,WAREHOUSE ITEMS (BAG,B7075,CALF BT FLAKES,3900,LB,0.22463,0.217,0,449.26
550 ,WI,WAREHOUSE ITEMS (BAG,B7335,NATURAL 40 PELS,4500,LB,0.30759,0.3124,0,615.18
550 ,WI,WAREHOUSE ITEMS (BAG,B8145,PORK MAKER MASH,1700,LB,0.21224,0.21224,0,424.48
550 ,WI,WAREHOUSE ITEMS (BAG,B8285,LLAMA/ALPACA PELLETS,450,LB,0.23544,0.2346,0,470.88
550 ,WI,WAREHOUSE ITEMS (BAG,B8405,CAPRINE CHALLENGER,250,LB,0.24892,0.24828,0,497.84
550 ,WI,WAREHOUSE ITEMS (BAG,B8785,HOG PELLET,2100,LB,0.18949,0.18844,0,378.98
550 ,WI,WAREHOUSE ITEMS (BAG,B9015,WHOLE CORN,2400,LB,0.1809,0.17844,0,361.8
550 ,WI,WAREHOUSE ITEMS (BAG,B9045,CORN MEAL,700,LB,0.21073,0.21061,0,421.46
550 ,WI,WAREHOUSE ITEMS (BAG,B9055,STEAMED FLAKED CORN,4250,LB,0.20346,0.20184,0,406.92
550 ,WI,WAREHOUSE ITEMS (BAG,B9175,48% SOYBEAN MEAL BAGGED,3000,LB,0.33973,0.34907,0,679.46
550 ,WI,WAREHOUSE ITEMS (BAG,B9255,SODIUM BICARBONATE,21600,LB,0.21786,0.23433,0,435.72
550 ,WI,WAREHOUSE ITEMS (BAG,B9305,MAG OXIDE,850,LB,0.25387,0.25276,0,507.74
560 ,06 ,MILL INGREDIENTS,0004 ,LYSINE,238.6192,LB,0.98156,0.94272,0,1963.12
560 ,06 ,MILL INGREDIENTS,0017 ,LOKETO-AID PREMIX,1177.3273,LB,0.63541,0.6045,0,1270.82
560 ,06 ,MILL INGREDIENTS,0051 ,VEGETABLE OIL,268.85,LB,0.41027,0.41028,0,820.54
560 ,06 ,MILL INGREDIENTS,0052 ,CALCIUM SULFATE,8626.9419,LB,0.1191,0.12408,0,238.2
560 ,06 ,MILL INGREDIENTS,0053 ,POTASSIUM CHLORIDE,3552.5799,LB,0.38133,0.38158,0,762.66
560 ,06 ,MILL INGREDIENTS,0055 ,MAGNESIUM SULFATE,1643.0365,LB,0.25135,0.24912,0,502.7
560 ,06 ,MILL INGREDIENTS,0086 ,YEAST CULTURE XP - SACK,3982.1714,LB,0.42001,0.42658,0,840.02
560 ,06 ,MILL INGREDIENTS,0102 ,STEAMED FLAKED CORN,1.4,LB,0.2,0.19842,0,400
560 ,06 ,MILL INGREDIENTS,0129 ,MOLASSES,119079.4385,LB,0.13889,0.13836,0,277.78
560 ,06 ,MILL INGREDIENTS,0130 ,TALLOW,16260.076,LB,0.47566,0.475,0,951.32
560 ,06 ,MILL INGREDIENTS,0132 ,CALCIUM CARBONATE,59597.031,LB,0.03437,0.034,0,68.74
560 ,06 ,MILL INGREDIENTS,0133 ,UREA - SACKED,9026.7848,LB,0.28349,0.28158,0,566.98
560 ,06 ,MILL INGREDIENTS,0134 ,"SALT, MIXING - BULK      ",44116.3624,LB,0.07227,0.06883,0,144.54
560 ,06 ,MILL INGREDIENTS,0146 ,CALCIUM PROPRIONATE,250,LB,1.10036,1.10031,0,2200.72
560 ,06 ,MILL INGREDIENTS,0147 ,MONO-CAL PHOSPHATE 21%,3581.3798,LB,0.40056,0.40022,0,801.12
560 ,06 ,MILL INGREDIENTS,0157 ,BUFFER-SODA BULK,17639.2561,LB,0.14971,0.15,0,299.42
560 ,06 ,MILL INGREDIENTS,0166 ,E/BIO PREMIX,579.8731,LB,1.56158,1.57038,0,3123.16
560 ,06 ,MILL INGREDIENTS,0183 ,CA SALT OF FA,32417.3465,LB,0.49503,0.52111,0,990.06
560 ,06 ,MILL INGREDIENTS,0184 ,AMMONIUM CHLORIDE,299.94,LB,0.55051,0.55428,0,1101.02
560 ,06 ,MILL INGREDIENTS,0190 ,MAGNESIUM OXIDE - SACKED,12603.8994,LB,0.29903,0.29782,0,598.06
560 ,06 ,MILL INGREDIENTS,0194 ,DAIRY VTM PREMIX,9708.2447,LB,0.92702,0.92,0,1854.04
560 ,06 ,MILL INGREDIENTS,0197 ,HORSE VITAMIN MIX,145.368,LB,3.46555,4.3666,0,6931.1
560 ,06 ,MILL INGREDIENTS,0203 ,RUMENSIN 20 G / LB,610.9193,LB,1.96555,1.96563,0,3931.1
560 ,06 ,MILL INGREDIENTS,0249 ,BIOTIN (400MG / LB),1261.4305,LB,0.44668,0.43291,0,893.36
560 ,06 ,MILL INGREDIENTS,0263 ,.06% SELENIUM PREMIX,584.5655,LB,0.16015,0.14984,0,320.3
560 ,06 ,MILL INGREDIENTS,0267 ,DCAD PLUS,3154.095,LB,0.77168,0.7825,0,1543.36
560 ,06 ,MILL INGREDIENTS,0297 ,DIAMOND V XP-DFM,3138.25,LB,1.06517,1.055,0,2130.34
560 ,06 ,MILL INGREDIENTS,0304 ,HOLTZ NELSON DAIRY VTM,1060.721,LB,2.03001,2.03,0,4060.02
560 ,06 ,MILL INGREDIENTS,0305 ,OMNIGEN AF,2827.8086,LB,1.03224,1.066,0,2064.48
560 ,06 ,MILL INGREDIENTS,0318 ,REASHURE CHOLINE,910.0608,LB,2.29221,2.29162,0,4584.42
560 ,06 ,MILL INGREDIENTS,0416 ,SUNSHINE PLUS FM PREMIX,3317.02,LB,0.3768,0.37942,0,753.6
560 ,06 ,MILL INGREDIENTS,0434 ,POTATO STARCH,0.8245,LB,0.09703,0.0775,0,194.06
560 ,06 ,MILL INGREDIENTS,0441 ,ABC PREMIX,179.489,LB,1.21796,0.5711,0,2435.92
560 ,06 ,MILL INGREDIENTS,0490 ,SMARTAMINE,61.201,LB,6.86427,6.86433,0,13728.54
560 ,06 ,MILL INGREDIENTS,0495 ,DEXTROSE,1774.47,LB,0.45969,0.4598,0,919.38
560 ,06 ,MILL INGREDIENTS,0521 ,BUFFINE PELS FM PREMIX,2950,LB,0.27054,0.26182,0,541.08
560 ,06 ,MILL INGREDIENTS,0522 ,NEUTRA PELS FM PREMIX,2050,LB,0.24202,0.24121,0,484.04
560 ,06 ,MILL INGREDIENTS,0529 ,AVAILA-4,2003.7372,LB,1.95113,1.96081,0,3902.26
560 ,06 ,MILL INGREDIENTS,0532 ,NUTRO-CAL,611.635,LB,1.4562,1.4547,0,2912.4
560 ,06 ,MILL INGREDIENTS,0534 ,HEIFER BT PELS FM PREMIX,2314.9,LB,0.28676,0.27784,0,573.52
560 ,06 ,MILL INGREDIENTS,0536 ,E-Z PELS FM PREMIX,2300,LB,0.277,0.26344,0,554
560 ,06 ,MILL INGREDIENTS,0547 ,DAIRY SEY PREMIX,5672.6515,LB,1.00161,0.98,0,2003.22
560 ,06 ,MILL INGREDIENTS,0554 ,METASMART DRY,240.8575,LB,2.8164,2.8575,0,5632.8
560 ,06 ,MILL INGREDIENTS,0562 ,DARI-FLEX IGR,200,LB,0,0,0,0
560 ,06 ,MILL INGREDIENTS,0571 ,AB 20,1023.4456,LB,0.34086,0.40158,0,681.72
560 ,06 ,MILL INGREDIENTS,0581 ,DYNAMATE,4089.304,LB,0.13333,0.1375,0,266.66
560 ,06 ,MILL INGREDIENTS,0584 ,NUTRACOR LCFA,13383.24,LB,0.7503,0.75,0,1500.6
560 ,06 ,MILL INGREDIENTS,0597 ,ZINPRO 100,41.3285,LB,2.28051,2.2848,0,4561.02
560 ,06 ,MILL INGREDIENTS,0603 ,BIO-CHLOR,1452.981,LB,0.44469,0.4578,0,889.38
560 ,06 ,MILL INGREDIENTS,0615 ,NITROSHURE,2760.938,LB,0.91933,0.91,0,1838.66
560 ,06 ,MILL INGREDIENTS,0616 ,SUGAR,12050.525,LB,0.21168,0.2,0,423.36
560 ,06 ,MILL INGREDIENTS,0619 ,FLAVOR-CALF AID,138.72,LB,3.68959,3.7209,0,7379.18
560 ,06 ,MILL INGREDIENTS,0628 ,HOLTZ-NELSON HFR BASE VT,1000,LB,0,0,0,0
560 ,06 ,MILL INGREDIENTS,0656 ,POULTRY / SWINE PREMIX,194.05,LB,1.11672,1.05824,0,2233.44
560 ,06 ,MILL INGREDIENTS,0747 ,FM BIO-PLUS PREMIX,2350,LB,0.459,0,0,918
560 ,06 ,MILL INGREDIENTS,1247 ,MEGALAC R,1932.825,LB,0.86171,0.875,0,1723.42
560 ,06 ,MILL INGREDIENTS,1550 ,FERMENTEN,500,LB,0.369,0.369,0,738
560 ,06 ,MILL INGREDIENTS,1711 ,ORGANIC SELENIUM .06%,123.308,LB,0.80668,0.81576,0,1613.36
560 ,06 ,MILL INGREDIENTS,1734 ,H-N DRY BREEDER,509.283,LB,1.82998,1.83,0,3659.96
560 ,06 ,MILL INGREDIENTS,1759 ,CLARIFLY PREMIX,2339.4391,LB,2.93876,3.17262,0,5877.52
560 ,06 ,MILL INGREDIENTS,1765 ,MIN-AD,3098.163,LB,0.29271,0.2927,0,585.42
560 ,06 ,MILL INGREDIENTS,1834 ,MFG 150,3283.6684,LB,0.49415,0.49342,0,988.3
560 ,06 ,MILL INGREDIENTS,2118 ,DF AMINOSHURE-L,250,LB,0,0,0,0
560 ,06 ,MILL INGREDIENTS,2128 ,METAATEIN,43668.1419,LB,0.58917,0.59,0,1178.34
560 ,06 ,MILL INGREDIENTS,2276 ,ANIMATE,2444.805,LB,0.63583,0.61934,0,1271.66
560 ,06 ,MILL INGREDIENTS,2472 ,Metabolys,1282.15,LB,2.55005,2.55379,0,5100.1
560 ,10 ,MINERAL/VITAMIN PACK,B20812,SAFE-GUARD .5% DEWORMER,300,LB,2.56857,2.56856,0,5137.14
560 ,10 ,MINERAL/VITAMIN PACK,B21365,RFRS SUPDRY 3:1 MIN 50#,1100,LB,0.49342,0.49342,0,986.84
560 ,10 ,MINERAL/VITAMIN PACK,B21375,RFRS SUPDRY 1:1 MIN 50#,250,LB,0.58044,0.5734,0,1160.88
560 ,10 ,MINERAL/VITAMIN PACK,B45415,REFRESH DRY RU-1200 MIN,300,LB,0.51357,0.50436,0,1027.14
560 ,10 ,MINERAL/VITAMIN PACK,B45505,EQUITY HFR RU MINERAL,450,LB,0.3722,0.37614,0,744.4
560 ,10 ,MINERAL/VITAMIN PACK,B5085,IGR MINERAL,550,LB,0.41987,0.41744,0,839.74
560 ,10 ,MINERAL/VITAMIN PACK,B5095,HI-CALCI-MIX,1000,LB,0.34689,0.34709,0,693.78
560 ,10 ,MINERAL/VITAMIN PACK,B5105,MIN-A-MIX,2450,LB,0.41893,0.41742,0,837.86
560 ,10 ,MINERAL/VITAMIN PACK,B5125,HI-PHOS-MIX,600,LB,0.6539,0.65107,0,1307.8
560 ,10 ,MINERAL/VITAMIN PACK,B5152,MIN-A-VITE,300,LB,0.57203,0.5532,0,1144.06
560 ,10 ,MINERAL/VITAMIN PACK,B5165,SHEEP MINERAL 20*5,50,LB,0.3612,0.36112,0,722.4
560 ,10 ,MINERAL/VITAMIN PACK,B5415,KENT HEIFER MIN 1600B,750,LB,0.52932,0.52544,0,1058.64
560 ,10 ,MINERAL/VITAMIN PACK,B5425,KENT FW ADE MINERAL,250,LB,0.30016,0.30016,0,600.32
560 ,11 ,INOCULANT,176000 ,SIL-ALL 4x4 DRY INOCULANT,2200,LB,1.24091,1.24091,0,2481.82
560 ,11 ,INOCULANT,B9641,SIL-ALL 4x4 WS 500g,160,LB,35.32256,35.51,0,70645.12
560 ,1M,MILK REPLACER,B21205,MF1 NT 1600/1600 W/MOS,1650,LB,1.32257,1.31991,0,2645.14
560 ,1M,MILK REPLACER,B21865,MF1 WINTERIZER NT1600,1150,LB,1.46716,1.45311,0,2934.32
560 ,1M,MILK REPLACER,B22425,COMM CALF 24/20 1600 NT,8050,LB,1.45273,1.44891,0,2905.46
560 ,1M,MILK REPLACER,B5025,"MILK FORMULA 1, NON-MED  ",5200,LB,1.24719,1.23842,0,2494.38
560 ,CH,CALF & HEIFER,B10500,Crystalyx HE 12% Bio Bloc,2600,LB,0.43223,0.43223,0,864.46
560 ,CH,CALF & HEIFER,B10510,Crystalyx HE 20% Bio Bloc,1200,LB,0.43823,0.43823,0,876.46
560 ,CH,CALF & HEIFER,B10540,Crystalyx IGR Pro Bio Blo,800,LB,0.55123,0.55123,0,1102.46
560 ,CH,CALF & HEIFER,B10550,Crystalyx Iono-lyx B300 B,3800,LB,0.58923,0.58923,0,1178.46
560 ,CH,CALF & HEIFER,B3810,ENERGILASS 20  250#,2500,LB,0.3639,0.3641,0,727.8
560 ,CH,CALF & HEIFER,B3840,ENERGILASS 16 DAIRY 250#,11750,LB,0.41162,0.412,0,823.24
560 ,CH,CALF & HEIFER,B3860,ENERGI REFRESH 20-1 250#,21000,LB,0.45081,0.4633,0,901.62
560 ,CH,CALF & HEIFER,B3880,ENERGILASS 12 AFC 250#,3000,LB,0.456,0.456,0,912
560 ,CH,CALF & HEIFER,B45115,BR AB SHOW CALF PELLET,400,LB,0.3158,0.3158,0,631.6
560 ,CH,CALF & HEIFER,B7055,CALF STARTER FLAKES,2600,LB,0.2411,0.23802,0,482.2
560 ,CH,CALF & HEIFER,B7955,CALF HI-PRO BT FLAKES,4799.9,LB,0.27931,0.28082,0,558.62
560 ,PF,PET FOOD,B11372,SONG MAKER,40,LB,0.363,0.363,0,726
560 ,PF,PET FOOD,B1262,BISCUITS (LRG-PLN),25,LB,0.4404,0.4402,0,880.8
560 ,PF,PET FOOD,B12712,BS LAMB&RICE DOG 20#,40,LB,0.80225,0.801,0,1604.5
560 ,PF,PET FOOD,B1274,BS ADULT CAT,20,LB,0.588,0.58775,0,1176
560 ,PF,PET FOOD,B12765,BS PUPPY 40#,-40,LB,0.47425,0.47425,0,948.5
560 ,PF,PET FOOD,B1412,KRUNCHIES 20# BAG,175,LB,0.41549,0.4092,0,830.98
560 ,PF,PET FOOD,B1415,KRUNCHIES 50# BAG,250,LB,0.39808,0.39624,0,796.16
560 ,PF,PET FOOD,B1422,NATURAL 26 25# BAG,100,LB,0.4201,0.41633,0,840.2
560 ,PF,PET FOOD,B1425,NATURAL 26 50# BAG,450,LB,0.39813,0.3918,0,796.26
560 ,PF,PET FOOD,B17540,BARN CAT FOOD,768,LB,0.43164,0.43044,0,863.28
560 ,SC,SEED CORN,BR23,SCHLESSMAN 946 L,50,LB,2.0744,2.1679,0,4148.8
560 ,SC,SEED CORN,BS307,SCHLESSMAN 698 RR,100,LB,4.1058,3.9078,0,8211.6
560 ,SC,SEED CORN,BS309,SCHLESSMAN 868 DP,200,LB,2.38,2.38,0,4760
560 ,SC,SEED CORN,BS411,SCHLESSMAN 800 L,250,LB,2.10312,2.1879,0,4206.24
560 ,SC,SEED CORN,BS412,SCHLESSMAN 861 L GT,300,LB,21.66233,3.155,0,43324.66
560 ,SC,SEED CORN,BS413,SCHLESSMAN 901 DP,50,LB,2.2474,2.34,0,4494.8
560 ,SC,SEED CORN,BS442,SCHLESSMAN 901 GT3000,50,LB,3.8078,3.56,0,7615.6
560 ,SC,SEED CORN,BS443,SCHLESSMAN 942 L GT,50,LB,3.1272,3.155,0,6254.4
560 ,WI,WAREHOUSE ITEMS (BAG,B0R60,SS3X 200 Prop,33,LB,106.48121,106.48125,0,212962.42
560 ,WI,WAREHOUSE ITEMS (BAG,B0R94,SS3X 50,3,LB,59.01333,59.015,0,118026.66
560 ,WI,WAREHOUSE ITEMS (BAG,B10475,ENERGIZER 20 PELS 50#,1000,LB,0.20866,0.20864,0,417.32
560 ,WI,WAREHOUSE ITEMS (BAG,B10495,HI-TEST PLUS 16 PELS 50#,550,LB,0.18953,0.17598,0,379.06
560 ,WI,WAREHOUSE ITEMS (BAG,B11252,AUREO S 700,25,LB,1.3104,0.9804,0,2620.8
560 ,WI,WAREHOUSE ITEMS (BAG,B12400,MOLASSES ROUNDERS 10/30 O,20,LB,0.6485,0.6485,0,1297
560 ,WI,WAREHOUSE ITEMS (BAG,B1283,PK & BARLEY 40#,80,LB,0.5205,0.5245,0,1041
560 ,WI,WAREHOUSE ITEMS (BAG,B19605,SENTINEL SENIOR,200,LB,0.2918,0.2861,0,583.6
560 ,WI,WAREHOUSE ITEMS (BAG,B19655,SENTINEL PERFORMANCE LS,200,LB,0.32135,0.32136,0,642.7
560 ,WI,WAREHOUSE ITEMS (BAG,B2055,SCRATCH FEED,300,LB,0.2032,0.20152,0,406.4
560 ,WI,WAREHOUSE ITEMS (BAG,B2125,COARSE CRACKED CORN,900,LB,0.2121,0.20938,0,424.2
560 ,WI,WAREHOUSE ITEMS (BAG,B21325,REFRSH CLSUP21 PEL 50#,1300,LB,0.24755,0.24064,0,495.1
560 ,WI,WAREHOUSE ITEMS (BAG,B23825,"HOMEFRESH EXTRAEGG PEL, 5",2800,LB,0.21963,0.21862,0,439.26
560 ,WI,WAREHOUSE ITEMS (BAG,B23845,"HOMEFRESH EXTRAEGG ML, 50",1500,LB,0.21804,0.21342,0,436.08
560 ,WI,WAREHOUSE ITEMS (BAG,B23865,HF STARTER ML-AM 50#,2800,LB,0.31274,0.32356,0,625.48
560 ,WI,WAREHOUSE ITEMS (BAG,B23905,HOMEFRESH MF STARTER ML,950,LB,0.29445,0.27004,0,588.9
560 ,WI,WAREHOUSE ITEMS (BAG,B23925,"HOMEFRESH MF STR/GRW CRM,",600,LB,0.26187,0.26442,0,523.74
560 ,WI,WAREHOUSE ITEMS (BAG,B24645,BYB ALL STOCK 14%,2000,LB,0.19813,0.19582,0,396.26
560 ,WI,WAREHOUSE ITEMS (BAG,B25125,HOMEFRESH MF STR CR AMP,150,LB,0.35373,0.35372,0,707.46
560 ,WI,WAREHOUSE ITEMS (BAG,B3825,ENERGILASS SGD,50,LB,0.5292,0.52924,0,1058.4
560 ,WI,WAREHOUSE ITEMS (BAG,B3850,ENERGILASS EQ CHOICE 33#,66,LB,0,0,0,0
560 ,WI,WAREHOUSE ITEMS (BAG,B4035,CHARGER 14,600,LB,0.24827,0.24572,0,496.54
560 ,WI,WAREHOUSE ITEMS (BAG,B40445,REFRESH CLOSEUP21 RU PL,300,LB,0.25753,0.2626,0,515.06
560 ,WI,WAREHOUSE ITEMS (BAG,B4045,TROTTER 14 PELLETS,250,LB,0.19884,0.19872,0,397.68
560 ,WI,WAREHOUSE ITEMS (BAG,B40675,RUMENSIN 2400 MEAL 50#,50,LB,0.359,0.33404,0,718
560 ,WI,WAREHOUSE ITEMS (BAG,B4075,REGULAR OATS,2800,LB,0.20489,0.1997,0,409.78
560 ,WI,WAREHOUSE ITEMS (BAG,B41085,GEOBOND 50#,3350,LB,0.1363,0.14001,0,272.6
560 ,WI,WAREHOUSE ITEMS (BAG,B4145,HORSE 10,350,LB,0.20514,0.20404,0,410.28
560 ,WI,WAREHOUSE ITEMS (BAG,B4260,ROUNDERS ORIGMOL BUCKET,-46,LB,1.40391,1.40391,0,2807.82
560 ,WI,WAREHOUSE ITEMS (BAG,B43700,PLAIN SALT 50# BAG,1100,LB,0.1371,0.13887,0,274.2
560 ,WI,WAREHOUSE ITEMS (BAG,B43710,TM SALT 50# BAG,1250,LB,0.17034,0.17066,0,340.68
560 ,WI,WAREHOUSE ITEMS (BAG,B43730,PLAIN SALT BLOCK 50#,4800,LB,0.13428,0.13557,0,268.56
560 ,WI,WAREHOUSE ITEMS (BAG,B43740,TM SALT BLOCK 50#,7650,LB,0.15073,0.15187,0,301.46
560 ,WI,WAREHOUSE ITEMS (BAG,B43935,HYDRATED LIME,1550,LB,0.12897,0.13156,0,257.94
560 ,WI,WAREHOUSE ITEMS (BAG,B43950,AG AND GARDEN LIME 50#,3700,LB,0.06204,0.06356,0,124.08
560 ,WI,WAREHOUSE ITEMS (BAG,B45185,CALCIUM PROPRIONATE 50#,250,LB,1.2854,1.2854,0,2570.8
560 ,WI,WAREHOUSE ITEMS (BAG,B45330,3N1 BLOCK 50#,650,LB,0.42292,0.4425,0,845.84
560 ,WI,WAREHOUSE ITEMS (BAG,B45340,RABON BLOCK 50#,700,LB,0.39487,0.39487,0,789.74
560 ,WI,WAREHOUSE ITEMS (BAG,B45360,TERRAMYACIN CRMS 50#,550,LB,0.35949,0.35948,0,718.98
560 ,WI,WAREHOUSE ITEMS (BAG,B45390,LIMESTON 50#,3150,LB,0.08065,0.08408,0,161.3
560 ,WI,WAREHOUSE ITEMS (BAG,B45450,TM SALT BRICKS 60#,360,LB,0.281,0.28107,0,562
560 ,WI,WAREHOUSE ITEMS (BAG,B45460,PLAIN SALT BRICKS 60#,240,LB,0.25525,0.2553,0,510.5
560 ,WI,WAREHOUSE ITEMS (BAG,B4945,HAY STRETCHER,500,LB,0.19464,0.1917,0,389.28
560 ,WI,WAREHOUSE ITEMS (BAG,B5015,IGR CATTLE BLEND,800,LB,0.40313,0,0,806.26
560 ,WI,WAREHOUSE ITEMS (BAG,B54085,MILK 1B CLARIFLY,2000,LB,1.26562,1.26562,0,2531.24
560 ,WI,WAREHOUSE ITEMS (BAG,B7075,CALF BT FLAKES,500,LB,0.26456,0.26244,0,529.12
560 ,WI,WAREHOUSE ITEMS (BAG,B70865,DYNASTY XT PRO 14-10,450,LB,0.30142,0.30142,0,602.84
560 ,WI,WAREHOUSE ITEMS (BAG,B7335,NATURAL 40 PELS,400,LB,1.6043,1.6043,0,3208.6
560 ,WI,WAREHOUSE ITEMS (BAG,B7625,CALF DC FLAKES - MED,1250,LB,0.27122,0.26901,0,542.44
560 ,WI,WAREHOUSE ITEMS (BAG,B8015,BOILER CRMS - AM,500,LB,0.28814,0.27484,0,576.28
560 ,WI,WAREHOUSE ITEMS (BAG,B8125,PIGLETS,750,LB,0.22703,0.22302,0,454.06
560 ,WI,WAREHOUSE ITEMS (BAG,B8135,PIG AND SOW PELLETS,1050,LB,0.22135,0.21701,0,442.7
560 ,WI,WAREHOUSE ITEMS (BAG,B9045,CORN MEAL,800,LB,0.20125,0.1923,0,402.5
560 ,WI,WAREHOUSE ITEMS (BAG,B9175,48% SOYBEAN MEAL BAGGED,800,LB,0.313,0.33368,0,626
560 ,WI,WAREHOUSE ITEMS (BAG,B9245,BEET PULP PELS,1000,LB,0.21444,0.20984,0,428.88
560 ,WI,WAREHOUSE ITEMS (BAG,B9255,SODIUM BICARBONATE,7700,LB,0.22179,0.22408,0,443.58
560 ,WI,WAREHOUSE ITEMS (BAG,B9535,COPPER SULFATE,550,LB,1.20216,1.20436,0,2404.32
560 ,WI,WAREHOUSE ITEMS (BAG,B9880,MOLD ZAP,545,LB,1.04817,1.04189,0,2096.34
570 ,06 ,MILL INGREDIENTS,0004 ,LYSINE,55.04,LB,1.40153,2.43497,0,2803.06
570 ,06 ,MILL INGREDIENTS,0017 ,LOKETO-AID PREMIX,583.85,LB,0.67968,0.6676,0,1359.36
570 ,06 ,MILL INGREDIENTS,0052 ,CALCIUM SULFATE,8816.4571,LB,0.107,0.107,0,214
570 ,06 ,MILL INGREDIENTS,0053 ,POTASSIUM CHLORIDE,2909.3308,LB,0.32033,0.33847,0,640.66
570 ,06 ,MILL INGREDIENTS,0055 ,MAGNESIUM SULFATE,2245.2159,LB,0.30309,0.30839,0,606.18
570 ,06 ,MILL INGREDIENTS,0086 ,YEAST CULTURE XP - SACK,6142.2525,LB,0.44072,0.44055,0,881.44
570 ,06 ,MILL INGREDIENTS,0129 ,MOLASSES,81540.8328,LB,0.11727,0.11724,0,234.54
570 ,06 ,MILL INGREDIENTS,0130 ,TALLOW,31866.5905,LB,0.46708,0.4625,0,934.16
570 ,06 ,MILL INGREDIENTS,0132 ,CALCIUM CARBONATE,58572.9895,LB,0.01583,0.01603,0,31.66
570 ,06 ,MILL INGREDIENTS,0133 ,UREA - SACKED,6276.666,LB,0.27599,0.27055,0,551.98
570 ,06 ,MILL INGREDIENTS,0134 ,"SALT, MIXING - BULK      ",24032.3465,LB,0.04521,0.04671,0,90.42
570 ,06 ,MILL INGREDIENTS,0147 ,MONO-CAL PHOSPHATE 21%,889.9758,LB,0.40281,0.4019,0,805.62
570 ,06 ,MILL INGREDIENTS,0157 ,BUFFER-SODA BULK,11497.8824,LB,0.20365,0.20678,0,407.3
570 ,06 ,MILL INGREDIENTS,0166 ,E/BIO PREMIX,422.3337,LB,2.23326,2.387,0,4466.52
570 ,06 ,MILL INGREDIENTS,0183 ,CA SALT OF FA,6789.16,LB,0.57618,0.5785,0,1152.36
570 ,06 ,MILL INGREDIENTS,0184 ,AMMONIUM CHLORIDE,350.09,LB,0.58434,0.61176,0,1168.68
570 ,06 ,MILL INGREDIENTS,0190 ,MAGNESIUM OXIDE - SACKED,16768.151,LB,0.27202,0.26789,0,544.04
570 ,06 ,MILL INGREDIENTS,0194 ,DAIRY VTM PREMIX,4080.132,LB,0.93141,0.94547,0,1862.82
570 ,06 ,MILL INGREDIENTS,0197 ,HORSE VITAMIN MIX,50.068,LB,3.3101,3.31077,0,6620.2
570 ,06 ,MILL INGREDIENTS,0203 ,RUMENSIN 20 G / LB,5271.9904,LB,1.96112,1.96094,0,3922.24
570 ,06 ,MILL INGREDIENTS,0249 ,BIOTIN (400MG / LB),257.3,LB,0.46005,0.45924,0,920.1
570 ,06 ,MILL INGREDIENTS,0267 ,DCAD PLUS,821.8866,LB,0.86087,0.85805,0,1721.74
570 ,06 ,MILL INGREDIENTS,0281 ,PELLET BINDER,1325.99,LB,0.54002,0.54289,0,1080.04
570 ,06 ,MILL INGREDIENTS,0287 ,OPTIGEN,275,LB,0.97345,0.97349,0,1946.9
570 ,06 ,MILL INGREDIENTS,0305 ,OMNIGEN AF,394.347,LB,1.05737,1.04429,0,2114.74
570 ,06 ,MILL INGREDIENTS,0312 ,RED IRON OXIDE,611.55,LB,0.28111,0.28142,0,562.22
570 ,06 ,MILL INGREDIENTS,0314 ,RENAISSANCE MILL MIX 3,149.96,LB,1.01307,1.24,0,2026.14
570 ,06 ,MILL INGREDIENTS,0318 ,REASHURE CHOLINE,174.98,LB,0.73123,0.7312,0,1462.46
570 ,06 ,MILL INGREDIENTS,0331 ,VEO PREMIUM,495.012,LB,6.19999,6.2,0,12399.98
570 ,06 ,MILL INGREDIENTS,0441 ,ABC PREMIX,100.084,LB,1.96845,1.9832,0,3936.9
570 ,06 ,MILL INGREDIENTS,0450 ,BREAD MIX,17520,LB,0.09617,0.0995,0,192.34
570 ,06 ,MILL INGREDIENTS,0489 ,PROVAAL STANDARD 7500,2.174,LB,0.67617,0.7471,0,1352.34
570 ,06 ,MILL INGREDIENTS,0490 ,SMARTAMINE,165.006,LB,6.52897,6.80334,0,13057.94
570 ,06 ,MILL INGREDIENTS,0529 ,AVAILA-4,341.7965,LB,2.04926,2.064,0,4098.52
570 ,06 ,MILL INGREDIENTS,0534 ,HEIFER BT PELS FM PREMIX,749.925,LB,0.30162,0.30968,0,603.24
570 ,06 ,MILL INGREDIENTS,0547 ,DAIRY SEY PREMIX,2618.952,LB,1.39442,1.07904,0,2788.84
570 ,06 ,MILL INGREDIENTS,0554 ,METASMART DRY,799.6458,LB,2.93525,2.95741,0,5870.5
570 ,06 ,MILL INGREDIENTS,0571 ,AB 20,2397.702,LB,0.35905,0.35961,0,718.1
570 ,06 ,MILL INGREDIENTS,0581 ,DYNAMATE,3362.804,LB,0.30796,0.30744,0,615.92
570 ,06 ,MILL INGREDIENTS,0584 ,NUTRACOR LCFA,10034.967,LB,0.78,0.78,0,1560
570 ,06 ,MILL INGREDIENTS,0603 ,BIO-CHLOR,1180.592,LB,0.33155,0.33037,0,663.1
570 ,06 ,MILL INGREDIENTS,0616 ,SUGAR,3287.788,LB,0.175,0.175,0,350
570 ,06 ,MILL INGREDIENTS,0619 ,FLAVOR-CALF AID,126.793,LB,2.71214,3.06352,0,5424.28
570 ,06 ,MILL INGREDIENTS,0629 ,HOLTZ-NELSON RFIZ YEAST,100,LB,1.02,1.02,0,2040
570 ,06 ,MILL INGREDIENTS,0639 ,LEVUCELL SC 10G,328.8335,LB,1.35242,1.35218,0,2704.84
570 ,06 ,MILL INGREDIENTS,0646 ,HOYT MILL PACK,350,LB,0,0,0,0
570 ,06 ,MILL INGREDIENTS,0656 ,POULTRY / SWINE PREMIX,100,LB,1.5204,1.5204,0,3040.8
570 ,06 ,MILL INGREDIENTS,0690 ,PROBIOTIC PREMIX,100,LB,1.6942,1.6942,0,3388.4
570 ,06 ,MILL INGREDIENTS,0988 ,MOLD ZAP,25.258,LB,0.98979,0.99,0,1979.58
570 ,06 ,MILL INGREDIENTS,1710 ,BIG E PLUS,421.79,LB,0.74753,0.85116,0,1495.06
570 ,06 ,MILL INGREDIENTS,1711 ,ORGANIC SELENIUM .06%,282.355,LB,0.78603,0.7735,0,1572.06
570 ,06 ,MILL INGREDIENTS,1734 ,H-N DRY BREEDER,150,LB,1.83,1.83,0,3660
570 ,06 ,MILL INGREDIENTS,1759 ,CLARIFLY PREMIX,98.102,LB,2.37386,2.494,0,4747.72
570 ,06 ,MILL INGREDIENTS,1765 ,MIN-AD,550,LB,0.27571,0.27571,0,551.42
570 ,06 ,MILL INGREDIENTS,1834 ,MFG 150,1913.207,LB,0.5901,0.5901,0,1180.2
570 ,06 ,MILL INGREDIENTS,2128 ,METAATEIN,8224.6015,LB,0.67569,0.655,0,1351.38
570 ,06 ,MILL INGREDIENTS,2468 ,AJIPRO-lysine,14.99,LB,2.43696,2.43927,0,4873.92
570 ,11 ,INOCULANT,176000 ,SIL-ALL 4x4 DRY INOCULANT,4400,LB,1.30095,1.30906,0,2601.9
570 ,11 ,INOCULANT,B9641,SIL-ALL 4x4 WS 500g,98,LB,34.96459,34.9646,0,69929.18
570 ,1M,MILK REPLACER,B21205,MF1 NT 1600/1600 W/MOS,100,LB,1.218,1.218,0,2436
570 ,CH,CALF & HEIFER,B7955,CALF HI-PRO BT FLAKES,250,LB,0.244,0.244,0,488
570 ,WI,WAREHOUSE ITEMS (BAG,B0S20,CLOVER ALSIKE SD 50#,125,LB,1.36,1.36,0,2720
570 ,WI,WAREHOUSE ITEMS (BAG,B40445,REFRESH CLOSEUP21 RU PL,2750,LB,0.25556,0.2523,0,511.12
570 ,WI,WAREHOUSE ITEMS (BAG,B4075,REGULAR OATS,1150,LB,0.18136,0.19288,0,362.72
570 ,WI,WAREHOUSE ITEMS (BAG,B43740,TM SALT BLOCK 50#,500,LB,0.126,0.126,0,252
570 ,WI,WAREHOUSE ITEMS (BAG,B7685,BOVAGRO PELLETS,2750,LB,0.17,0.17,0,340
570 ,WI,WAREHOUSE ITEMS (BAG,B9255,SODIUM BICARBONATE,4550,LB,0.22881,0.2065,0,457.62
570 ,WI,WAREHOUSE ITEMS (BAG,B9535,COPPER SULFATE,850,LB,1.21495,1.203,0,2429.9
570 ,WI,WAREHOUSE ITEMS (BAG,BR126,SCARLET RED CLOVER,200,LB,2.3976,2.39761,0,4795.2
570 ,WI,WAREHOUSE ITEMS (BAG,BS440,LAWES PENNLATE ORCHARD,150,LB,1.5,1.5,0,3000
580 ,06 ,MILL INGREDIENTS,0004 ,LYSINE,112,LB,1.38348,1.38352,0,2766.96
580 ,06 ,MILL INGREDIENTS,0051 ,VEGETABLE OIL,328.75,LB,0.64438,0.6444,0,1288.76
580 ,06 ,MILL INGREDIENTS,0052 ,CALCIUM SULFATE,9490.6739,LB,0.11398,0.11594,0,227.96
580 ,06 ,MILL INGREDIENTS,0053 ,POTASSIUM CHLORIDE,3121.6204,LB,0.31696,0.3168,0,633.92
580 ,06 ,MILL INGREDIENTS,0055 ,MAGNESIUM SULFATE,4359.043,LB,0.2854,0.28807,0,570.8
580 ,06 ,MILL INGREDIENTS,0086 ,YEAST CULTURE XP - SACK,1857.9349,LB,0.43814,0.44153,0,876.28
580 ,06 ,MILL INGREDIENTS,0090 ,VITAMIN A 650,43.0365,LB,9.34091,9.41818,0,18681.82
580 ,06 ,MILL INGREDIENTS,0092 ,VITAMIN D3-500000,28.8455,LB,5.36201,4.74764,0,10724.02
580 ,06 ,MILL INGREDIENTS,0093 ,VITAMIN E-227000,2271.91,LB,5.90968,5.87449,0,11819.36
580 ,06 ,MILL INGREDIENTS,0095 ,METHIONINE DL,113.002,LB,2.03147,2.03153,0,4062.94
580 ,06 ,MILL INGREDIENTS,0102 ,STEAMED FLAKED CORN,21909.3552,LB,0.13221,0.12903,0,264.42
580 ,06 ,MILL INGREDIENTS,0106 ,CRIMPED OATS,8062.238,LB,0.15176,0.15,0,303.52
580 ,06 ,MILL INGREDIENTS,0122 ,GROUND ALFALFA PELLETS,3766.135,LB,0.34046,0.33545,0,680.92
580 ,06 ,MILL INGREDIENTS,0123 ,MONO SODIUM PHOSPHATE,280,LB,1.21579,1.21579,0,2431.58
580 ,06 ,MILL INGREDIENTS,0129 ,MOLASSES,64870.6174,LB,0.12091,0.12083,0,241.82
580 ,06 ,MILL INGREDIENTS,0130 ,TALLOW,16299.7778,LB,0.41018,0.4225,0,820.36
580 ,06 ,MILL INGREDIENTS,0132 ,CALCIUM CARBONATE,58760.7287,LB,0.02471,0.02462,0,49.42
580 ,06 ,MILL INGREDIENTS,0133 ,UREA - SACKED,10668.734,LB,0.26565,0.267,0,531.3
580 ,06 ,MILL INGREDIENTS,0134 ,"SALT, MIXING - BULK      ",38325.4005,LB,0.04269,0.04475,0,85.38
580 ,06 ,MILL INGREDIENTS,0144 ,MOLASSES FAT,7961.175,LB,0.12889,0.12871,0,257.78
580 ,06 ,MILL INGREDIENTS,0146 ,CALCIUM PROPRIONATE,350,LB,1.09,1.09,0,2180
580 ,06 ,MILL INGREDIENTS,0147 ,MONO-CAL PHOSPHATE 21%,2491256.06,LB,0.00872,0.00674,0,17.44
580 ,06 ,MILL INGREDIENTS,0156 ,MONOAMMONIUM PHOSPHATE,1757.102,LB,0.60645,0.60181,0,1212.9
580 ,06 ,MILL INGREDIENTS,0157 ,BUFFER-SODA BULK,58607.0856,LB,0.16354,0.16,0,327.08
580 ,06 ,MILL INGREDIENTS,0166 ,E/BIO PREMIX,207.099,LB,3.23362,3.23369,0,6467.24
580 ,06 ,MILL INGREDIENTS,0179 ,COPPER SULFATE,1133.0206,LB,1.17014,1.1615,0,2340.28
580 ,06 ,MILL INGREDIENTS,0184 ,AMMONIUM CHLORIDE,319.635,LB,0.44,0.45764,0,880
580 ,06 ,MILL INGREDIENTS,0188 ,MAGNESIUM OXIDE,35870.7444,LB,0.23563,0.2315,0,471.26
580 ,06 ,MILL INGREDIENTS,0189 ,FERROUS SULFATE,237.5525,LB,0.26142,0.26168,0,522.84
580 ,06 ,MILL INGREDIENTS,0191 ,FISH MEAL,250,LB,0.715,0.715,0,1430
580 ,06 ,MILL INGREDIENTS,0194 ,DAIRY VTM PREMIX,12034.5277,LB,0.99,1.00983,0,1980
580 ,06 ,MILL INGREDIENTS,0197 ,HORSE VITAMIN MIX,52.0204,LB,4.45364,4.326,0,8907.28
580 ,06 ,MILL INGREDIENTS,0203 ,RUMENSIN 20 G / LB,3279.4435,LB,2.06271,2.04055,0,4125.42
580 ,06 ,MILL INGREDIENTS,0205 ,COPRO 25,50,LB,0,0,0,0
580 ,06 ,MILL INGREDIENTS,0267 ,DCAD PLUS,3070.6329,LB,0.84208,0.81093,0,1684.16
580 ,06 ,MILL INGREDIENTS,0281 ,PELLET BINDER,1808.8901,LB,0.35045,0.35,0,700.9
580 ,06 ,MILL INGREDIENTS,0287 ,OPTIGEN,200,LB,0.8148,0.8148,0,1629.6
580 ,06 ,MILL INGREDIENTS,0304 ,HOLTZ NELSON DAIRY VTM,1598.0734,LB,2.03,2.03,0,4060
580 ,06 ,MILL INGREDIENTS,0305 ,OMNIGEN AF,4769.8443,LB,0.9779,0.97072,0,1955.8
580 ,06 ,MILL INGREDIENTS,0312 ,RED IRON OXIDE,176.8,LB,0.27771,0.2775,0,555.42
580 ,06 ,MILL INGREDIENTS,0317 ,SOYCHLOR,1174.95,LB,0.36265,0.36307,0,725.3
580 ,06 ,MILL INGREDIENTS,0318 ,REASHURE CHOLINE,2196.7725,LB,2.19392,2.19394,0,4387.84
580 ,06 ,MILL INGREDIENTS,0351 ,Mike Conroe Nutrition Dai,1613.674,LB,7.49256,142.28475,0,14985.12
580 ,06 ,MILL INGREDIENTS,0352 ,Mike Conroe Yeast Pack,3040.739,LB,1.70605,1.77543,0,3412.1
580 ,06 ,MILL INGREDIENTS,0353 ,Mike Conroe MOS Pack,1253.33,LB,3.97413,70.76519,0,7948.26
580 ,06 ,MILL INGREDIENTS,0354 ,MC BUFFER PACK,3355.2,LB,0.56257,0.56257,0,1125.14
580 ,06 ,MILL INGREDIENTS,0382 ,Altosid (IGR) Premix,116.82,LB,4.34557,4.37173,0,8691.14
580 ,06 ,MILL INGREDIENTS,0388 ,FIBERGEST CONCENTRATE,1015.1,LB,2.48331,2.47091,0,4966.62
580 ,06 ,MILL INGREDIENTS,0392 ,MFP METHIONINE,1856.9416,LB,1.81586,1.8146,0,3631.72
580 ,06 ,MILL INGREDIENTS,0441 ,ABC PREMIX,912.7704,LB,1.82555,1.82533,0,3651.1
580 ,06 ,MILL INGREDIENTS,0451 ,SIL-ALL 4X4 CONCENTRATE 2,0.05,LB,36.4,35.019,0,72800
580 ,06 ,MILL INGREDIENTS,0455 ,BOVATEC 91 G/LB,140.2193,LB,8.57435,8.5779,0,17148.7
580 ,06 ,MILL INGREDIENTS,0488 ,DECCOX,31.58,LB,8.89265,8.984,0,17785.3
580 ,06 ,MILL INGREDIENTS,0490 ,SMARTAMINE,1935.9015,LB,6.86811,6.86,0,13736.22
580 ,06 ,MILL INGREDIENTS,0495 ,DEXTROSE,492.83,LB,0.47503,0.475,0,950.06
580 ,06 ,MILL INGREDIENTS,0513 ,ENERGY BOOSTER 100,2031.9693,LB,0.82245,0.82994,0,1644.9
580 ,06 ,MILL INGREDIENTS,0514 ,CCF TRACE PACK,1400,LB,1.435,1.435,0,2870
580 ,06 ,MILL INGREDIENTS,0529 ,AVAILA-4,2430.6073,LB,1.95231,1.94903,0,3904.62
580 ,06 ,MILL INGREDIENTS,0547 ,DAIRY SEY PREMIX,5728.8361,LB,0.98498,0.9818,0,1969.96
580 ,06 ,MILL INGREDIENTS,0554 ,METASMART DRY,3060.1263,LB,2.86672,2.88805,0,5733.44
580 ,06 ,MILL INGREDIENTS,0556 ,VICOMB P+,1135.4672,LB,7.17572,7.15,0,14351.44
580 ,06 ,MILL INGREDIENTS,0571 ,AB 20,4518.8839,LB,0.36089,0.3765,0,721.78
580 ,06 ,MILL INGREDIENTS,0581 ,DYNAMATE,4868.6237,LB,0.28483,0.28994,0,569.66
580 ,06 ,MILL INGREDIENTS,0582 ,CALCIUM IODATE,74.7278,LB,27.06864,27.07691,0,54137.28
580 ,06 ,MILL INGREDIENTS,0583 ,SELENIUM 2%,279.2211,LB,1.67817,1.615,0,3356.34
580 ,06 ,MILL INGREDIENTS,0584 ,NUTRACOR LCFA,58174.8019,LB,0.73988,0.74,0,1479.76
580 ,06 ,MILL INGREDIENTS,0588 ,FLAVOR-LIQUID,78.82,LB,7.72076,7.72069,0,15441.52
580 ,06 ,MILL INGREDIENTS,0593 ,COBALT CARBONATE,42.0412,LB,13.45466,10.0524,0,26909.32
580 ,06 ,MILL INGREDIENTS,0596 ,BOVATEC PREMIX PELLET,3516.75,LB,2.14929,2.14931,0,4298.58
580 ,06 ,MILL INGREDIENTS,0597 ,ZINPRO 100,15.8131,LB,2.90708,2.35983,0,5814.16
580 ,06 ,MILL INGREDIENTS,0598 ,ZINPRO 120,892.6531,LB,2.90789,2.90789,0,5815.78
580 ,06 ,MILL INGREDIENTS,0599 ,MOLASSES-DRY,850,LB,0.29149,0.2915,0,582.98
580 ,06 ,MILL INGREDIENTS,0603 ,BIO-CHLOR,5461.2623,LB,0.3448,0.33605,0,689.6
580 ,06 ,MILL INGREDIENTS,0604 ,4PLEX,2548.1459,LB,1.64352,1.63942,0,3287.04
580 ,06 ,MILL INGREDIENTS,0606 ,GEOBOND,5118.8879,LB,0.11709,0.12461,0,234.18
580 ,06 ,MILL INGREDIENTS,0607 ,ZINC SULFATE,1520.3449,LB,0.58577,0.59018,0,1171.54
580 ,06 ,MILL INGREDIENTS,0610 ,MICRO-AID,49.9,LB,6.6517,6.6518,0,13303.4
580 ,06 ,MILL INGREDIENTS,0612 ,MINERAL OIL/FLAVOR,396.645,LB,1.09819,1.1982,0,2196.38
580 ,06 ,MILL INGREDIENTS,0613 ,BLOOD MEAL - BLK,0.08,LB,0.5,0.61,0,1000
580 ,06 ,MILL INGREDIENTS,0615 ,NITROSHURE,899.9,LB,0.828,0.828,0,1656
580 ,06 ,MILL INGREDIENTS,0616 ,SUGAR,2382.3035,LB,0.2,0.2,0,400
580 ,06 ,MILL INGREDIENTS,0618 ,CALF PREMIX,1562.13,LB,1.82501,1.81733,0,3650.02
580 ,06 ,MILL INGREDIENTS,0619 ,FLAVOR-CALF AID,726.046,LB,3.98075,3.91032,0,7961.5
580 ,06 ,MILL INGREDIENTS,0620 ,BIO-MOS,382.5,LB,2.12063,2.12127,0,4241.26
580 ,06 ,MILL INGREDIENTS,0621 ,RUMENSIN PREMIX PELLET,1689.225,LB,0.49591,0.49719,0,991.82
580 ,06 ,MILL INGREDIENTS,0624 ,GROUND ROASTED SOY,50921.5865,LB,0.25677,0.25245,0,513.54
580 ,06 ,MILL INGREDIENTS,0626 ,ADI-FLOW DRY,810.3,LB,1.81265,1.8128,0,3625.3
580 ,06 ,MILL INGREDIENTS,0628 ,HOLTZ-NELSON HFR BASE VT,838,LB,2.15,2.15,0,4300
580 ,06 ,MILL INGREDIENTS,0629 ,HOLTZ-NELSON RFIZ YEAST,1849.94,LB,1.14989,1.12,0,2299.78
580 ,06 ,MILL INGREDIENTS,0630 ,NIASHURE,287.0888,LB,8.17702,8.17705,0,16354.04
580 ,06 ,MILL INGREDIENTS,0631 ,BOVI-SACC,63,LB,2.74952,2.74938,0,5499.04
580 ,06 ,MILL INGREDIENTS,0632 ,DIAMOND V XPC,8003.2212,LB,1.38126,1.37043,0,2762.52
580 ,06 ,MILL INGREDIENTS,0633 ,MANGANESE SULFATE,591.3302,LB,0.28392,0.49881,0,567.84
580 ,06 ,MILL INGREDIENTS,0637 ,CONDITION ADE BULK,25570.0229,LB,0.20002,0.19472,0,400.04
580 ,06 ,MILL INGREDIENTS,0639 ,LEVUCELL SC 10G,3533.3348,LB,1.30022,1.2978,0,2600.44
580 ,06 ,MILL INGREDIENTS,0640 ,HOLTZ-NELSON BCX 100,2425,LB,0.72,0.72,0,1440
580 ,06 ,MILL INGREDIENTS,0643 ,SELECT BIO-CYCLE PLUS,2270.5092,LB,0,0,0,0
580 ,06 ,MILL INGREDIENTS,0644 ,RAPP MINERAL,4986.6469,LB,0.85649,0.8564,0,1712.98
580 ,06 ,MILL INGREDIENTS,0647 ,Intergral (MTB 100),532.6915,LB,2.30931,2.3093,0,4618.62
580 ,06 ,MILL INGREDIENTS,0656 ,POULTRY / SWINE PREMIX,200.545,LB,1.40507,1.08152,0,2810.14
580 ,06 ,MILL INGREDIENTS,0662 ,BIOTIN 640,1110.9014,LB,0.46345,0.46708,0,926.9
580 ,06 ,MILL INGREDIENTS,0664 ,SEL-PLEX 2000,1629.869,LB,2.40346,2.40345,0,4806.92
580 ,06 ,MILL INGREDIENTS,0665 ,FLAVOR-DRY (ANISE),528.142,LB,2.61449,2.776,0,5228.98
580 ,06 ,MILL INGREDIENTS,0666 ,FLAVOR-DRY (APPLE),30,LB,2.82467,2.8248,0,5649.34
580 ,06 ,MILL INGREDIENTS,0690 ,PROBIOTIC PREMIX,216.015,LB,1.76428,1.76432,0,3528.56
580 ,06 ,MILL INGREDIENTS,0759 ,AGRI-DAIRY MAX,650.0958,LB,3.57996,3.58,0,7159.92
580 ,06 ,MILL INGREDIENTS,0763 ,AGRI- SUPER MICRO,949.975,LB,1.50791,1.48,0,3015.82
580 ,06 ,MILL INGREDIENTS,0764 ,AGRI-ZYMEND,329.995,LB,3.35105,3.95,0,6702.1
580 ,06 ,MILL INGREDIENTS,0767 ,AGRI-DRY COW MICRO PAK,3450.027,LB,2.30927,2.6,0,4618.54
580 ,06 ,MILL INGREDIENTS,0769 ,AGRI- SUPER MICRO PLUS,189.4,LB,1.65998,1.66,0,3319.96
580 ,06 ,MILL INGREDIENTS,0988 ,MOLD ZAP,2783.1765,LB,1.04945,1.06096,0,2098.9
580 ,06 ,MILL INGREDIENTS,1247 ,MEGALAC R,8500,LB,0.91102,0.91297,0,1822.04
580 ,06 ,MILL INGREDIENTS,1550 ,FERMENTEN,2000,LB,0.36896,0.3692,0,737.92
580 ,06 ,MILL INGREDIENTS,1725 ,BASIC-FOCUS RU MILL PAK,1143.5,LB,0,0,0,0
580 ,06 ,MILL INGREDIENTS,1727 ,BIOFIX PLUS,550.05,LB,2.58742,2.56515,0,5174.84
580 ,06 ,MILL INGREDIENTS,1734 ,H-N DRY BREEDER,1827.222,LB,1.83,1.83,0,3660
580 ,06 ,MILL INGREDIENTS,1759 ,CLARIFLY PREMIX,1536.4632,LB,2.01786,2.01653,0,4035.72
580 ,06 ,MILL INGREDIENTS,1765 ,MIN-AD,8382.9676,LB,0.20587,0.26607,0,411.74
580 ,06 ,MILL INGREDIENTS,1834 ,MFG 150,1708.484,LB,0.46062,0.45655,0,921.24
580 ,06 ,MILL INGREDIENTS,1879 ,BULK MEGALAC,20070.4914,LB,0.52915,0.53232,0,1058.3
580 ,06 ,MILL INGREDIENTS,1880 ,SHREDDED BEET PULP W/ MOL,30.65,LB,0.32664,0,0,653.28
580 ,06 ,MILL INGREDIENTS,2018 ,FCB NUT TRACE PAK,1166.52,LB,1.21644,1.22,0,2432.88
580 ,06 ,MILL INGREDIENTS,2085 ,NME NUTRITION VTM,2206.4935,LB,2.52014,2.52153,0,5040.28
580 ,06 ,MILL INGREDIENTS,2094 ,RUMENSIN 90 G / LB,2571.767,LB,8.51051,8.5474,0,17021.02
580 ,06 ,MILL INGREDIENTS,2128 ,METAATEIN,27774.465,LB,0.54281,0.57,0,1085.62
580 ,06 ,MILL INGREDIENTS,2146 ,H-N RCX PELLETS,2070,LB,0.72,0.72,0,1440
580 ,06 ,MILL INGREDIENTS,2176 ,OMNIGEN WYC,1435.994,LB,1.38488,1.41994,0,2769.76
580 ,06 ,MILL INGREDIENTS,2178 ,SCREENINGS MEDICATED,-1500,LB,0.15859,0,0,317.18
580 ,06 ,MILL INGREDIENTS,2240 ,AMAFERM,850,LB,6.5,6.5,0,13000
580 ,06 ,MILL INGREDIENTS,2270 ,LYSAAMET,29329.498,LB,1.27165,1.26,0,2543.3
580 ,06 ,MILL INGREDIENTS,2276 ,ANIMATE,2240.779,LB,0.60813,0.5878,0,1216.26
580 ,06 ,MILL INGREDIENTS,2327 ,BNI LACTATING MINERAL,2009.7055,LB,1.342,1.34075,0,2684
580 ,06 ,MILL INGREDIENTS,2377 ,MME FIBER BUSTER,4927.7539,LB,2.0692,2.11804,0,4138.4
580 ,06 ,MILL INGREDIENTS,2468 ,AJIPRO-lysine,24.7364,LB,2.58202,2.38611,0,5164.04
580 ,06 ,MILL INGREDIENTS,2472 ,Metabolys,200.344,LB,2.58206,2.58211,0,5164.12
580 ,06 ,MILL INGREDIENTS,4540 ,SALT PELLETS 50#,750,LB,0.10225,0.09151,0,204.5
580 ,06 ,MILL INGREDIENTS,9750 ,CALCIUM STEARATE,49.9,LB,1.82104,1.7892,0,3642.08
580 ,10 ,MINERAL/VITAMIN PACK,1717 ,TK TM/VIT PREMIX,150,LB,0,0,0,0
580 ,10 ,MINERAL/VITAMIN PACK,B11755,MIN-A-VITE LITE PELLETS,100,LB,0.4565,0.45693,0,913
580 ,10 ,MINERAL/VITAMIN PACK,B20812,SAFE-GUARD .5% DEWORMER,350,LB,2.58491,2.58722,0,5169.82
580 ,10 ,MINERAL/VITAMIN PACK,B5152,MIN-A-VITE,150,LB,0.6868,0.68624,0,1373.6
580 ,10 ,MINERAL/VITAMIN PACK,B8802,ANTLER KING MINERAL,50,LB,0.381,0.381,0,762
580 ,11 ,INOCULANT,B9641,SIL-ALL 4x4 WS 500g,46,LB,34.87609,34.876,0,69752.18
580 ,1M,MILK REPLACER,B21205,MF1 NT 1600/1600 W/MOS,7100,LB,1.24951,1.25127,0,2499.02
580 ,1M,MILK REPLACER,B21255,VELOCITY 24-17 NON-MED,5050,LB,1.44175,1.43027,0,2883.5
580 ,1M,MILK REPLACER,B21355,MF1 WINTERIZER NON-MED,2800,LB,1.4186,1.4186,0,2837.2
580 ,1M,MILK REPLACER,B21455,ADV EXCELERATE NON-MED,2100,LB,1.5869,1.5869,0,3173.8
580 ,1M,MILK REPLACER,B21865,MF1 WINTERIZER NT1600,6250,LB,1.34799,1.35627,0,2695.98
580 ,1M,MILK REPLACER,B22815,24/24 ACIDIFIED CALF MR,1200,LB,1.7008,1.7008,0,3401.6
580 ,1M,MILK REPLACER,B5025,"MILK FORMULA 1, NON-MED  ",4750,LB,1.15987,1.16027,0,2319.74
580 ,1M,MILK REPLACER,B5065,MILK FORMULA 1 DQ,9900,LB,1.20023,1.19627,0,2400.46
580 ,1M,MILK REPLACER,B5072,LAMB MILK FORMULA,150,LB,1.79447,1.7965,0,3588.94
580 ,1S,MANUFACTURED FEED BA,B70305,DYNASTY SHOW PELLETS,2450,LB,0.21538,0.20883,0,430.76
580 ,1S,MANUFACTURED FEED BA,B70315,DYNASTY PRO 14-6 PELLET,200,LB,0.20825,0.20825,0,416.5
580 ,1S,MANUFACTURED FEED BA,B70335,DYNASTY SENIOR PELLETS,250,LB,0.17656,0.17656,0,353.12
580 ,1S,MANUFACTURED FEED BA,B89385,K1124 BABY BEEF 24,50,LB,0.3324,0.33245,0,664.8
580 ,1S,MANUFACTURED FEED BA,B89475,K1125 WINNING FILL 50#,50,LB,0.3742,0.3743,0,748.4
580 ,CH,CALF & HEIFER,B10530,Crystalyx Dry Cow Bio Blo,-200,LB,0.51358,0.51369,0,1027.16
580 ,CH,CALF & HEIFER,B10540,Crystalyx IGR Pro Bio Blo,1800,LB,0.53618,0.53619,0,1072.36
580 ,CH,CALF & HEIFER,B10550,Crystalyx Iono-lyx B300 B,2400,LB,0.57419,0.57419,0,1148.38
580 ,CH,CALF & HEIFER,B10560,Crystalyx 30% Heifer Bio,6198,LB,0.4696,0.46969,0,939.2
580 ,CH,CALF & HEIFER,B3800,ENERGILASS 12  250#,1500,LB,0.33877,0.33513,0,677.54
580 ,CH,CALF & HEIFER,B3810,ENERGILASS 20  250#,5000,LB,0.35524,0.37819,0,710.48
580 ,CH,CALF & HEIFER,B3840,ENERGILASS 16 DAIRY 250#,4500,LB,0.40777,0.40609,0,815.54
580 ,CH,CALF & HEIFER,B3860,ENERGI REFRESH 20-1 250#,2250,LB,0.48165,0.48214,0,963.3
580 ,CH,CALF & HEIFER,B3880,ENERGILASS 12 AFC 250#,250,LB,0.52136,0.52136,0,1042.72
580 ,PF,PET FOOD,B1032,BISCUITS PEANUT BUTTER SM,16,LB,0.99313,0.99333,0,1986.26
580 ,PF,PET FOOD,B11395,NATURE'S CHOICE,1000,LB,0.49126,0.49316,0,982.52
580 ,PF,PET FOOD,B11425,ULTRA CLEAN BLK SUNFLR,40,LB,0.49625,0.4965,0,992.5
580 ,PF,PET FOOD,B12765,BS PUPPY 40#,40,LB,0.5225,0.5225,0,1045
580 ,PF,PET FOOD,B12815,BS SENIOR DOG 40#,40,LB,0.469,0.469,0,938
580 ,PF,PET FOOD,B12825,BS LAMB&RICE DOG 40#,40,LB,0.48,0.48288,0,960
580 ,PF,PET FOOD,B12835,BS PK & BARLEY DOG 40#,400,LB,0.67545,0.67595,0,1350.9
580 ,PF,PET FOOD,B1415,KRUNCHIES,2200,LB,0.39856,0.39915,0,797.12
580 ,PF,PET FOOD,B1425,NATURAL 26,700,LB,0.399,0.39844,0,798
580 ,PF,PET FOOD,B17540,BARN CAT FOOD,416,LB,0.44586,0.44586,0,891.72
580 ,PF,PET FOOD,B18375,FARM DOG 21,1600,LB,0.31394,0.31394,0,627.88
580 ,PF,PET FOOD,B18395,FIELD DOG 27,800,LB,0.38088,0.3809,0,761.76
580 ,PF,PET FOOD,B2895,PIGEON FEED,450,LB,0.55347,0.55244,0,1106.94
580 ,WI,WAREHOUSE ITEMS (BAG,9031 ,G.P. Grey 50#,4800,LB,0.58978,0.61,0,1179.56
580 ,WI,WAREHOUSE ITEMS (BAG,9033 ,G P LT BLUE MED PAPER (LI,3000,EA,1.32385,1.32385,0,2647.7
580 ,WI,WAREHOUSE ITEMS (BAG,9035 ,G.P. Purple 50#,2000,LB,0.40948,0.4095,0,818.96
580 ,WI,WAREHOUSE ITEMS (BAG,B0157,BICARB 50# BAG,28000,LB,0.21483,0.21732,0,429.66
580 ,WI,WAREHOUSE ITEMS (BAG,B08125,PIGLETS,50,LB,0.2608,0.2608,0,521.6
580 ,WI,WAREHOUSE ITEMS (BAG,B0R93,SS3X Dry,1400,LB,0.6416,0.6416,0,1283.2
580 ,WI,WAREHOUSE ITEMS (BAG,B10015,OL LAYER PELLETS,600,LB,0.52095,0.52095,0,1041.9
580 ,WI,WAREHOUSE ITEMS (BAG,B10025,OL STR/BROILER CRUMBLES,100,LB,0.5908,0.5908,0,1181.6
580 ,WI,WAREHOUSE ITEMS (BAG,B10385,SHRED BEET PULP W/O MOL,920,LB,0.32663,0.3225,0,653.26
580 ,WI,WAREHOUSE ITEMS (BAG,B11215,VINTAGE VERSATILITY,100,LB,0.3216,0.3368,0,643.2
580 ,WI,WAREHOUSE ITEMS (BAG,B11392,NATURE'S CHOICE 20#,40,LB,0.513,0.51325,0,1026
580 ,WI,WAREHOUSE ITEMS (BAG,B11735,CARB-GUARD,1550,LB,0.24911,0.24735,0,498.22
580 ,WI,WAREHOUSE ITEMS (BAG,B18805,SHRED BEET PULP W/MOL,-90,LB,0.32663,0.36,0,653.26
580 ,WI,WAREHOUSE ITEMS (BAG,B19605,SENTINEL SENIOR,350,LB,0.30109,0.30109,0,602.18
580 ,WI,WAREHOUSE ITEMS (BAG,B19655,SENTINEL PERFORMANCE LS,1450,LB,0.32477,0.32355,0,649.54
580 ,WI,WAREHOUSE ITEMS (BAG,B19805,SENTINEL LIFETIME,1700,LB,0.34141,0.33791,0,682.82
580 ,WI,WAREHOUSE ITEMS (BAG,B2055,SCRATCH FEED,1850,LB,0.20426,0.20303,0,408.52
580 ,WI,WAREHOUSE ITEMS (BAG,B2105,FINE CRACKED CORN,50,LB,0.2118,0.21185,0,423.6
580 ,WI,WAREHOUSE ITEMS (BAG,B2125,COARSE CRACKED CORN,2950,LB,0.21387,0.20434,0,427.74
580 ,WI,WAREHOUSE ITEMS (BAG,B21325,REFRSH CLSUP21 PEL 50#,1250,LB,0.3075,0.3248,0,615
580 ,WI,WAREHOUSE ITEMS (BAG,B23825,"HOMEFRESH EXTRAEGG PEL, 5",3100,LB,0.23433,0.23515,0,468.66
580 ,WI,WAREHOUSE ITEMS (BAG,B23835,"HOMEFRESH EXTRAEGG CRM, 5",7100,LB,0.24221,0.23103,0,484.42
580 ,WI,WAREHOUSE ITEMS (BAG,B23845,"HOMEFRESH EXTRAEGG ML, 50",5600,LB,0.23247,0.22975,0,464.94
580 ,WI,WAREHOUSE ITEMS (BAG,B23855,HOMEFRESH STARTER CR-AM,50,LB,0.2888,0.28881,0,577.6
580 ,WI,WAREHOUSE ITEMS (BAG,B23865,HF STARTER ML-AM 50#,250,LB,0.228,0.22804,0,456
580 ,WI,WAREHOUSE ITEMS (BAG,B23875,HOMEFRESH GROW&SHOW PEL,1250,LB,0.2223,0.21963,0,444.6
580 ,WI,WAREHOUSE ITEMS (BAG,B23885,HOMEFRESH FINISH PEL,650,LB,0.26852,0.26751,0,537.04
580 ,WI,WAREHOUSE ITEMS (BAG,B23895,HOMEFRESH MF STARTER CR,800,LB,0.27914,0.31488,0,558.28
580 ,WI,WAREHOUSE ITEMS (BAG,B23915,"HOMEFRESH MF STR/GRW PEL,",2200,LB,0.26103,0.26103,0,522.06
580 ,WI,WAREHOUSE ITEMS (BAG,B23925,"HOMEFRESH MF STR/GRW CRM,",6700,LB,0.27727,0.26823,0,554.54
580 ,WI,WAREHOUSE ITEMS (BAG,B23945,HOMEFRESH GROW&SHOW CRM,850,LB,0.24232,0.24037,0,484.64
580 ,WI,WAREHOUSE ITEMS (BAG,B3035,HUTCH EXTRA 17 PELS,500,LB,0.2277,0.2277,0,455.4
580 ,WI,WAREHOUSE ITEMS (BAG,B3045,BUNNY 16 PELS,2800,LB,0.22518,0.22629,0,450.36
580 ,WI,WAREHOUSE ITEMS (BAG,B3055,RABBIT 15 PELS,50,LB,0.2028,0.20583,0,405.6
580 ,WI,WAREHOUSE ITEMS (BAG,B3825,ENERGILASS SGD  50#,100,LB,0.5379,0.53787,0,1075.8
580 ,WI,WAREHOUSE ITEMS (BAG,B4015,RIDER 12,4050,LB,0.21675,0.21749,0,433.5
580 ,WI,WAREHOUSE ITEMS (BAG,B4035,CHARGER 14,3950,LB,0.25463,0.25215,0,509.26
580 ,WI,WAREHOUSE ITEMS (BAG,B4045,TROTTER 14 PELLETS,2200,LB,0.19334,0.19235,0,386.68
580 ,WI,WAREHOUSE ITEMS (BAG,B4065,VINTAGE SWEET 12,300,LB,0.28403,0.28403,0,568.06
580 ,WI,WAREHOUSE ITEMS (BAG,B40685,AUREO S 700 2.0G CRM 50#,3050,LB,0.70109,0.68697,0,1402.18
580 ,WI,WAREHOUSE ITEMS (BAG,B4075,REGULAR OATS,2550,LB,0.24668,0.24668,0,493.36
580 ,WI,WAREHOUSE ITEMS (BAG,B4085,CRIMPED OATS,2700,LB,0.24946,0.24393,0,498.92
580 ,WI,WAREHOUSE ITEMS (BAG,B40905,DICAL 21% 50#,2800,LB,0.2685,0.2685,0,537
580 ,WI,WAREHOUSE ITEMS (BAG,B41055,OYSTER SHELLS 50#,500,LB,0.1993,0.19744,0,398.6
580 ,WI,WAREHOUSE ITEMS (BAG,B4115,STRIDER 11 PELLETS,1900,LB,0.18638,0.18423,0,372.76
580 ,WI,WAREHOUSE ITEMS (BAG,B41255,KELP MEAL 50#,100,LB,0.6854,0.71044,0,1370.8
580 ,WI,WAREHOUSE ITEMS (BAG,B41370,REDMOND GRAN SALT 50#,400,LB,0.22635,0.2263,0,452.7
580 ,WI,WAREHOUSE ITEMS (BAG,B4145,HORSE 10,400,LB,0.24135,0.24428,0,482.7
580 ,WI,WAREHOUSE ITEMS (BAG,B41560,REDMOND SALT BLOCK 44#,440,LB,0.3038,0.3038,0,607.6
580 ,WI,WAREHOUSE ITEMS (BAG,B4165,SUNSHINE PLUS,1800,LB,0.33649,0.33911,0,672.98
580 ,WI,WAREHOUSE ITEMS (BAG,B41820,MIXING LIM 50#,3400,LB,0.07166,0.07047,0,143.32
580 ,WI,WAREHOUSE ITEMS (BAG,B4235,VINTAGE MARE AND FOAL,1150,LB,0.30536,0.30215,0,610.72
580 ,WI,WAREHOUSE ITEMS (BAG,B43700,PLAIN SALT 50# BAG,8150,LB,0.09357,0.09197,0,187.14
580 ,WI,WAREHOUSE ITEMS (BAG,B43710,TM SALT 50# BAG,7250,LB,0.11586,0.10545,0,231.72
580 ,WI,WAREHOUSE ITEMS (BAG,B43730,PLAIN SALT BLOCK 50#,6950,LB,0.12561,0.12997,0,251.22
580 ,WI,WAREHOUSE ITEMS (BAG,B43740,TM SALT BLOCK 50#,3150,LB,0.14787,0.15138,0,295.74
580 ,WI,WAREHOUSE ITEMS (BAG,B43920,SUREFOOT LIME 50#,18250,LB,0.06346,0.0628,0,126.92
580 ,WI,WAREHOUSE ITEMS (BAG,B43930,HYDRATED LIME 50#,4100,LB,0.13681,0.1368,0,273.62
580 ,WI,WAREHOUSE ITEMS (BAG,B45480,DECO LAWN LIME 50#,2150,LB,0.07121,0.06868,0,142.42
580 ,WI,WAREHOUSE ITEMS (BAG,B45520,FIRST ARRIVAL 18# PAIL,36,LB,34.12417,34.12417,0,68248.34
580 ,WI,WAREHOUSE ITEMS (BAG,B4945,HAY STRETCHER,1150,LB,0.21366,0.20271,0,427.32
580 ,WI,WAREHOUSE ITEMS (BAG,B5365,E-Z PELS,250,LB,0.31264,0.31076,0,625.28
580 ,WI,WAREHOUSE ITEMS (BAG,B8105,TURKEY GROW HS PELS,1000,LB,0.29515,0.29515,0,590.3
580 ,WI,WAREHOUSE ITEMS (BAG,B8115,MEAT GOAT GRO & FIN DC,1450,LB,0.22866,0.22675,0,457.32
580 ,WI,WAREHOUSE ITEMS (BAG,B8135,PIG AND SOW PELLETS,6050,LB,0.24328,0.23083,0,486.56
580 ,WI,WAREHOUSE ITEMS (BAG,B8145,PORK MAKER MASH,3950,LB,0.23042,0.23135,0,460.84
580 ,WI,WAREHOUSE ITEMS (BAG,B8285,LLAMA/ALPACA PELLETS,1150,LB,0.18173,0.18075,0,363.46
580 ,WI,WAREHOUSE ITEMS (BAG,B8305,LAMB STR-GROWER PELS,500,LB,0.24878,0.24878,0,497.56
580 ,WI,WAREHOUSE ITEMS (BAG,B8315,LAMB BT PELS MEDICATED,1400,LB,0.24284,0.24279,0,485.68
580 ,WI,WAREHOUSE ITEMS (BAG,B8365,SHEPHERD 16 PELS,3100,LB,0.2034,0.19603,0,406.8
580 ,WI,WAREHOUSE ITEMS (BAG,B8405,CAPRINE CHALLENGER,3650,LB,0.24544,0.24515,0,490.88
580 ,WI,WAREHOUSE ITEMS (BAG,B8785,HOG PELLET,3650,LB,0.1847,0.18295,0,369.4
580 ,WI,WAREHOUSE ITEMS (BAG,B8815,ANTLER KING DEER/ELK PEL,250,LB,0.23964,0.2396,0,479.28
580 ,WI,WAREHOUSE ITEMS (BAG,B9015,WHOLE CORN,2950,LB,0.19504,0.18403,0,390.08
580 ,WI,WAREHOUSE ITEMS (BAG,B9055,STEAMED FLAKED CORN,7200,LB,0.23088,0.23035,0,461.76
580 ,WI,WAREHOUSE ITEMS (BAG,B9225,DEHY ALFALFA PELS,1050,LB,0.27689,0.2769,0,553.78
580 ,WI,WAREHOUSE ITEMS (BAG,B9245,BEET PULP PELS,2650,LB,0.24394,0.2427,0,487.88
580 ,WI,WAREHOUSE ITEMS (BAG,B9305,MAG OXIDE,2300,LB,0.3494,0.3494,0,698.8
